Pool name,Primer name,Ambiguous codon,Sequence
LASV_GP_Josiah_reopt_ForPool,LASV_GP_Josiah_reopt-for-mut1,NNG,cgcgtgccaccNNGGGACAGATCGT
LASV_GP_Josiah_reopt_ForPool,LASV_GP_Josiah_reopt-for-mut2,NNG,gtgccaccATGNNGCAGATCGTCAC
LASV_GP_Josiah_reopt_ForPool,LASV_GP_Josiah_reopt-for-mut3,NNG,gccaccATGGGANNGATCGTCACCTTC
LASV_GP_Josiah_reopt_ForPool,LASV_GP_Josiah_reopt-for-mut4,NNG,accATGGGACAGNNGGTCACCTTCTTC
LASV_GP_Josiah_reopt_ForPool,LASV_GP_Josiah_reopt-for-mut5,NNG,ccATGGGACAGATCNNGACCTTCTTCCAAGAA
LASV_GP_Josiah_reopt_ForPool,LASV_GP_Josiah_reopt-for-mut6,NNG,TGGGACAGATCGTCNNGTTCTTCCAAGAAGT
LASV_GP_Josiah_reopt_ForPool,LASV_GP_Josiah_reopt-for-mut7,NNG,ACAGATCGTCACCNNGTTCCAAGAAGTGC
LASV_GP_Josiah_reopt_ForPool,LASV_GP_Josiah_reopt-for-mut8,NNG,ATCGTCACCTTCNNGCAAGAAGTGCCTC
LASV_GP_Josiah_reopt_ForPool,LASV_GP_Josiah_reopt-for-mut9,NNG,CGTCACCTTCTTCNNGGAAGTGCCTCATG
LASV_GP_Josiah_reopt_ForPool,LASV_GP_Josiah_reopt-for-mut10,NNG,TCACCTTCTTCCAANNGGTGCCTCATGTCAT
LASV_GP_Josiah_reopt_ForPool,LASV_GP_Josiah_reopt-for-mut11,NNG,CCTTCTTCCAAGAANNGCCTCATGTCATCGAG
LASV_GP_Josiah_reopt_ForPool,LASV_GP_Josiah_reopt-for-mut12,NNG,TCTTCCAAGAAGTGNNGCATGTCATCGAGGA
LASV_GP_Josiah_reopt_ForPool,LASV_GP_Josiah_reopt-for-mut13,NNG,CAAGAAGTGCCTNNGGTCATCGAGGAGG
LASV_GP_Josiah_reopt_ForPool,LASV_GP_Josiah_reopt-for-mut14,NNG,AAGAAGTGCCTCATNNGATCGAGGAGGTGAT
LASV_GP_Josiah_reopt_ForPool,LASV_GP_Josiah_reopt-for-mut15,NNG,GTGCCTCATGTCNNGGAGGAGGTGATG
LASV_GP_Josiah_reopt_ForPool,LASV_GP_Josiah_reopt-for-mut16,NNG,GCCTCATGTCATCNNGGAGGTGATGAACAT
LASV_GP_Josiah_reopt_ForPool,LASV_GP_Josiah_reopt-for-mut17,NNG,CTCATGTCATCGAGNNGGTGATGAACATCGTG
LASV_GP_Josiah_reopt_ForPool,LASV_GP_Josiah_reopt-for-mut18,NNG,ATGTCATCGAGGAGNNGATGAACATCGTGCT
LASV_GP_Josiah_reopt_ForPool,LASV_GP_Josiah_reopt-for-mut19,NNG,ATCGAGGAGGTGNNGAACATCGTGCTCA
LASV_GP_Josiah_reopt_ForPool,LASV_GP_Josiah_reopt-for-mut20,NNG,GAGGAGGTGATGNNGATCGTGCTCATCG
LASV_GP_Josiah_reopt_ForPool,LASV_GP_Josiah_reopt-for-mut21,NNG,GAGGTGATGAACNNGGTGCTCATCGCTT
LASV_GP_Josiah_reopt_ForPool,LASV_GP_Josiah_reopt-for-mut22,NNG,AGGTGATGAACATCNNGCTCATCGCTTTAAGC
LASV_GP_Josiah_reopt_ForPool,LASV_GP_Josiah_reopt-for-mut23,NNG,TGATGAACATCGTGNNGATCGCTTTAAGCGT
LASV_GP_Josiah_reopt_ForPool,LASV_GP_Josiah_reopt-for-mut24,NNG,AACATCGTGCTCNNGGCTTTAAGCGTG
LASV_GP_Josiah_reopt_ForPool,LASV_GP_Josiah_reopt-for-mut25,NNG,ATCGTGCTCATCNNGTTAAGCGTGCTC
LASV_GP_Josiah_reopt_ForPool,LASV_GP_Josiah_reopt-for-mut26,NNG,TGCTCATCGCTNNGAGCGTGCTCGC
LASV_GP_Josiah_reopt_ForPool,LASV_GP_Josiah_reopt-for-mut27,NNG,TCATCGCTTTANNGGTGCTCGCCGTT
LASV_GP_Josiah_reopt_ForPool,LASV_GP_Josiah_reopt-for-mut28,NNG,ATCGCTTTAAGCNNGCTCGCCGTTCTTA
LASV_GP_Josiah_reopt_ForPool,LASV_GP_Josiah_reopt-for-mut29,NNG,CGCTTTAAGCGTGNNGGCCGTTCTTAAAG
LASV_GP_Josiah_reopt_ForPool,LASV_GP_Josiah_reopt-for-mut30,NNG,CGCTTTAAGCGTGCTCNNGGTTCTTAAAGGTTTATA
LASV_GP_Josiah_reopt_ForPool,LASV_GP_Josiah_reopt-for-mut31,NNG,TAAGCGTGCTCGCCNNGCTTAAAGGTTTATAC
LASV_GP_Josiah_reopt_ForPool,LASV_GP_Josiah_reopt-for-mut32,NNG,CGTGCTCGCCGTTNNGAAAGGTTTATACAA
LASV_GP_Josiah_reopt_ForPool,LASV_GP_Josiah_reopt-for-mut33,NNG,TGCTCGCCGTTCTTNNGGGTTTATACAACTTC
LASV_GP_Josiah_reopt_ForPool,LASV_GP_Josiah_reopt-for-mut34,NNG,CTCGCCGTTCTTAAANNGTTATACAACTTCGCCA
LASV_GP_Josiah_reopt_ForPool,LASV_GP_Josiah_reopt-for-mut35,NNG,CCGTTCTTAAAGGTNNGTACAACTTCGCCACT
LASV_GP_Josiah_reopt_ForPool,LASV_GP_Josiah_reopt-for-mut36,NNG,CGTTCTTAAAGGTTTANNGAACTTCGCCACTTGTG
LASV_GP_Josiah_reopt_ForPool,LASV_GP_Josiah_reopt-for-mut37,NNG,TTCTTAAAGGTTTATACNNGTTCGCCACTTGTGGTTT
LASV_GP_Josiah_reopt_ForPool,LASV_GP_Josiah_reopt-for-mut38,NNG,TTAAAGGTTTATACAACNNGGCCACTTGTGGTTTAGTG
LASV_GP_Josiah_reopt_ForPool,LASV_GP_Josiah_reopt-for-mut39,NNG,AAGGTTTATACAACTTCNNGACTTGTGGTTTAGTGGGA
LASV_GP_Josiah_reopt_ForPool,LASV_GP_Josiah_reopt-for-mut40,NNG,TATACAACTTCGCCNNGTGTGGTTTAGTGGGA
LASV_GP_Josiah_reopt_ForPool,LASV_GP_Josiah_reopt-for-mut41,NNG,AACTTCGCCACTNNGGGTTTAGTGGGAC
LASV_GP_Josiah_reopt_ForPool,LASV_GP_Josiah_reopt-for-mut42,NNG,CTTCGCCACTTGTNNGTTAGTGGGACTGG
LASV_GP_Josiah_reopt_ForPool,LASV_GP_Josiah_reopt-for-mut43,NNG,CCACTTGTGGTNNGGTGGGACTGGTC
LASV_GP_Josiah_reopt_ForPool,LASV_GP_Josiah_reopt-for-mut44,NNG,CACTTGTGGTTTANNGGGACTGGTCACCTT
LASV_GP_Josiah_reopt_ForPool,LASV_GP_Josiah_reopt-for-mut45,NNG,CTTGTGGTTTAGTGNNGCTGGTCACCTTTCTG
LASV_GP_Josiah_reopt_ForPool,LASV_GP_Josiah_reopt-for-mut46,NNG,TGGTTTAGTGGGANNGGTCACCTTTCTGCT
LASV_GP_Josiah_reopt_ForPool,LASV_GP_Josiah_reopt-for-mut47,NNG,TTTAGTGGGACTGNNGACCTTTCTGCTGCT
LASV_GP_Josiah_reopt_ForPool,LASV_GP_Josiah_reopt-for-mut48,NNG,TGGGACTGGTCNNGTTTCTGCTGCTG
LASV_GP_Josiah_reopt_ForPool,LASV_GP_Josiah_reopt-for-mut49,NNG,GACTGGTCACCNNGCTGCTGCTGTG
LASV_GP_Josiah_reopt_ForPool,LASV_GP_Josiah_reopt-for-mut50,NNG,TGGTCACCTTTNNGCTGCTGTGTGGT
LASV_GP_Josiah_reopt_ForPool,LASV_GP_Josiah_reopt-for-mut51,NNG,GTCACCTTTCTGNNGCTGTGTGGTCGTA
LASV_GP_Josiah_reopt_ForPool,LASV_GP_Josiah_reopt-for-mut52,NNG,ACCTTTCTGCTGNNGTGTGGTCGTAGC
LASV_GP_Josiah_reopt_ForPool,LASV_GP_Josiah_reopt-for-mut53,NNG,TTCTGCTGCTGNNGGGTCGTAGCTG
LASV_GP_Josiah_reopt_ForPool,LASV_GP_Josiah_reopt-for-mut54,NNG,TGCTGCTGTGTNNGCGTAGCTGCAC
LASV_GP_Josiah_reopt_ForPool,LASV_GP_Josiah_reopt-for-mut55,NNG,TGCTGTGTGGTNNGAGCTGCACAAC
LASV_GP_Josiah_reopt_ForPool,LASV_GP_Josiah_reopt-for-mut56,NNG,CTGTGTGGTCGTNNGTGCACAACCTCTT
LASV_GP_Josiah_reopt_ForPool,LASV_GP_Josiah_reopt-for-mut57,NNG,CTGTGTGGTCGTAGCNNGACAACCTCTTTATAC
LASV_GP_Josiah_reopt_ForPool,LASV_GP_Josiah_reopt-for-mut58,NNG,GTGGTCGTAGCTGCNNGACCTCTTTATACAAG
LASV_GP_Josiah_reopt_ForPool,LASV_GP_Josiah_reopt-for-mut59,NNG,GTCGTAGCTGCACANNGTCTTTATACAAGGGC
LASV_GP_Josiah_reopt_ForPool,LASV_GP_Josiah_reopt-for-mut60,NNG,TAGCTGCACAACCNNGTTATACAAGGGCG
LASV_GP_Josiah_reopt_ForPool,LASV_GP_Josiah_reopt-for-mut61,NNG,TGCACAACCTCTNNGTACAAGGGCGTG
LASV_GP_Josiah_reopt_ForPool,LASV_GP_Josiah_reopt-for-mut62,NNG,GCACAACCTCTTTANNGAAGGGCGTGTATGAG
LASV_GP_Josiah_reopt_ForPool,LASV_GP_Josiah_reopt-for-mut63,NNG,CAACCTCTTTATACNNGGGCGTGTATGAGCTC
LASV_GP_Josiah_reopt_ForPool,LASV_GP_Josiah_reopt-for-mut64,NNG,CAACCTCTTTATACAAGNNGGTGTATGAGCTCCAGAC
LASV_GP_Josiah_reopt_ForPool,LASV_GP_Josiah_reopt-for-mut65,NNG,CTCTTTATACAAGGGCNNGTATGAGCTCCAGACTTT
LASV_GP_Josiah_reopt_ForPool,LASV_GP_Josiah_reopt-for-mut66,NNG,ACAAGGGCGTGNNGGAGCTCCAGAC
LASV_GP_Josiah_reopt_ForPool,LASV_GP_Josiah_reopt-for-mut67,NNG,TACAAGGGCGTGTATNNGCTCCAGACTTTAGAG
LASV_GP_Josiah_reopt_ForPool,LASV_GP_Josiah_reopt-for-mut68,NNG,GGGCGTGTATGAGNNGCAGACTTTAGAGC
LASV_GP_Josiah_reopt_ForPool,LASV_GP_Josiah_reopt-for-mut69,NNG,GCGTGTATGAGCTCNNGACTTTAGAGCTGAAC
LASV_GP_Josiah_reopt_ForPool,LASV_GP_Josiah_reopt-for-mut70,NNG,GTGTATGAGCTCCAGNNGTTAGAGCTGAACATG
LASV_GP_Josiah_reopt_ForPool,LASV_GP_Josiah_reopt-for-mut71,NNG,GAGCTCCAGACTNNGGAGCTGAACATGG
LASV_GP_Josiah_reopt_ForPool,LASV_GP_Josiah_reopt-for-mut72,NNG,GAGCTCCAGACTTTANNGCTGAACATGGAGACTT
LASV_GP_Josiah_reopt_ForPool,LASV_GP_Josiah_reopt-for-mut73,NNG,AGCTCCAGACTTTAGAGNNGAACATGGAGACTTTAAA
LASV_GP_Josiah_reopt_ForPool,LASV_GP_Josiah_reopt-for-mut74,NNG,TCCAGACTTTAGAGCTGNNGATGGAGACTTTAAACAT
LASV_GP_Josiah_reopt_ForPool,LASV_GP_Josiah_reopt-for-mut75,NNG,AGACTTTAGAGCTGAACNNGGAGACTTTAAACATGACC
LASV_GP_Josiah_reopt_ForPool,LASV_GP_Josiah_reopt-for-mut76,NNG,ACTTTAGAGCTGAACATGNNGACTTTAAACATGACCATG
LASV_GP_Josiah_reopt_ForPool,LASV_GP_Josiah_reopt-for-mut77,NNG,GAGCTGAACATGGAGNNGTTAAACATGACCATG
LASV_GP_Josiah_reopt_ForPool,LASV_GP_Josiah_reopt-for-mut78,NNG,TGAACATGGAGACTNNGAACATGACCATGCC
LASV_GP_Josiah_reopt_ForPool,LASV_GP_Josiah_reopt-for-mut79,NNG,TGAACATGGAGACTTTANNGATGACCATGCCTTTAAGC
LASV_GP_Josiah_reopt_ForPool,LASV_GP_Josiah_reopt-for-mut80,NNG,CATGGAGACTTTAAACNNGACCATGCCTTTAAGCT
LASV_GP_Josiah_reopt_ForPool,LASV_GP_Josiah_reopt-for-mut81,NNG,GGAGACTTTAAACATGNNGATGCCTTTAAGCTGCA
LASV_GP_Josiah_reopt_ForPool,LASV_GP_Josiah_reopt-for-mut82,NNG,ACTTTAAACATGACCNNGCCTTTAAGCTGCACAA
LASV_GP_Josiah_reopt_ForPool,LASV_GP_Josiah_reopt-for-mut83,NNG,CTTTAAACATGACCATGNNGTTAAGCTGCACAAAGAAC
LASV_GP_Josiah_reopt_ForPool,LASV_GP_Josiah_reopt-for-mut84,NNG,ATGACCATGCCTNNGAGCTGCACAAAGA
LASV_GP_Josiah_reopt_ForPool,LASV_GP_Josiah_reopt-for-mut85,NNG,ATGACCATGCCTTTANNGTGCACAAAGAACAACA
LASV_GP_Josiah_reopt_ForPool,LASV_GP_Josiah_reopt-for-mut86,NNG,CCATGCCTTTAAGCNNGACAAAGAACAACAGC
LASV_GP_Josiah_reopt_ForPool,LASV_GP_Josiah_reopt-for-mut87,NNG,GCCTTTAAGCTGCNNGAAGAACAACAGCC
LASV_GP_Josiah_reopt_ForPool,LASV_GP_Josiah_reopt-for-mut88,NNG,TTTAAGCTGCACANNGAACAACAGCCACCA
LASV_GP_Josiah_reopt_ForPool,LASV_GP_Josiah_reopt-for-mut89,NNG,GCTGCACAAAGNNGAACAGCCACCAC
LASV_GP_Josiah_reopt_ForPool,LASV_GP_Josiah_reopt-for-mut90,NNG,CTGCACAAAGAACNNGAGCCACCACTACAT
LASV_GP_Josiah_reopt_ForPool,LASV_GP_Josiah_reopt-for-mut91,NNG,GCACAAAGAACAACNNGCACCACTACATCATG
LASV_GP_Josiah_reopt_ForPool,LASV_GP_Josiah_reopt-for-mut92,NNG,CAAAGAACAACAGCNNGCACTACATCATGGTG
LASV_GP_Josiah_reopt_ForPool,LASV_GP_Josiah_reopt-for-mut93,NNG,GAACAACAGCCACNNGTACATCATGGTGG
LASV_GP_Josiah_reopt_ForPool,LASV_GP_Josiah_reopt-for-mut94,NNG,ACAGCCACCACNNGATCATGGTGGG
LASV_GP_Josiah_reopt_ForPool,LASV_GP_Josiah_reopt-for-mut95,NNG,GCCACCACTACNNGATGGTGGGCAA
LASV_GP_Josiah_reopt_ForPool,LASV_GP_Josiah_reopt-for-mut96,NNG,CACCACTACATCNNGGTGGGCAACGAG
LASV_GP_Josiah_reopt_ForPool,LASV_GP_Josiah_reopt-for-mut97,NNG,CACTACATCATGNNGGGCAACGAGACCG
LASV_GP_Josiah_reopt_ForPool,LASV_GP_Josiah_reopt-for-mut98,NNG,CTACATCATGGTGNNGAACGAGACCGGACT
LASV_GP_Josiah_reopt_ForPool,LASV_GP_Josiah_reopt-for-mut99,NNG,TCATGGTGGGCNNGGAGACCGGACT
LASV_GP_Josiah_reopt_ForPool,LASV_GP_Josiah_reopt-for-mut100,NNG,TGGTGGGCAACNNGACCGGACTCGA
LASV_GP_Josiah_reopt_ForPool,LASV_GP_Josiah_reopt-for-mut101,NNG,TGGGCAACGAGNNGGGACTCGAGCT
LASV_GP_Josiah_reopt_ForPool,LASV_GP_Josiah_reopt-for-mut102,NNG,GCAACGAGACCNNGCTCGAGCTGAC
LASV_GP_Josiah_reopt_ForPool,LASV_GP_Josiah_reopt-for-mut103,NNG,ACGAGACCGGANNGGAGCTGACCCT
LASV_GP_Josiah_reopt_ForPool,LASV_GP_Josiah_reopt-for-mut104,NNG,AGACCGGACTCNNGCTGACCCTCAC
LASV_GP_Josiah_reopt_ForPool,LASV_GP_Josiah_reopt-for-mut105,NNG,CCGGACTCGAGNNGACCCTCACCAA
LASV_GP_Josiah_reopt_ForPool,LASV_GP_Josiah_reopt-for-mut106,NNG,GGACTCGAGCTGNNGCTCACCAATACC
LASV_GP_Josiah_reopt_ForPool,LASV_GP_Josiah_reopt-for-mut107,NNG,CTCGAGCTGACCNNGACCAATACCAGC
LASV_GP_Josiah_reopt_ForPool,LASV_GP_Josiah_reopt-for-mut108,NNG,CTCGAGCTGACCCTCNNGAATACCAGCATTATTA
LASV_GP_Josiah_reopt_ForPool,LASV_GP_Josiah_reopt-for-mut109,NNG,AGCTGACCCTCACCNNGACCAGCATTATTAAT
LASV_GP_Josiah_reopt_ForPool,LASV_GP_Josiah_reopt-for-mut110,NNG,AGCTGACCCTCACCAATNNGAGCATTATTAATCACAA
LASV_GP_Josiah_reopt_ForPool,LASV_GP_Josiah_reopt-for-mut111,NNG,CTGACCCTCACCAATACCNNGATTATTAATCACAAGTTC
LASV_GP_Josiah_reopt_ForPool,LASV_GP_Josiah_reopt-for-mut112,NNG,CCTCACCAATACCAGCNNGATTAATCACAAGTTCTG
LASV_GP_Josiah_reopt_ForPool,LASV_GP_Josiah_reopt-for-mut113,NNG,CACCAATACCAGCATTNNGAATCACAAGTTCTGCA
LASV_GP_Josiah_reopt_ForPool,LASV_GP_Josiah_reopt-for-mut114,NNG,CCAATACCAGCATTATTNNGCACAAGTTCTGCAATTT
LASV_GP_Josiah_reopt_ForPool,LASV_GP_Josiah_reopt-for-mut115,NNG,CCAATACCAGCATTATTAATNNGAAGTTCTGCAATTTAAGCGA
LASV_GP_Josiah_reopt_ForPool,LASV_GP_Josiah_reopt-for-mut116,NNG,CCAGCATTATTAATCACNNGTTCTGCAATTTAAGCGAC
LASV_GP_Josiah_reopt_ForPool,LASV_GP_Josiah_reopt-for-mut117,NNG,GCATTATTAATCACAAGNNGTGCAATTTAAGCGACGC
LASV_GP_Josiah_reopt_ForPool,LASV_GP_Josiah_reopt-for-mut118,NNG,TTATTAATCACAAGTTCNNGAATTTAAGCGACGCCCA
LASV_GP_Josiah_reopt_ForPool,LASV_GP_Josiah_reopt-for-mut119,NNG,CACAAGTTCTGCNNGTTAAGCGACGCC
LASV_GP_Josiah_reopt_ForPool,LASV_GP_Josiah_reopt-for-mut120,NNG,AGTTCTGCAATNNGAGCGACGCCCA
LASV_GP_Josiah_reopt_ForPool,LASV_GP_Josiah_reopt-for-mut121,NNG,AAGTTCTGCAATTTANNGGACGCCCACAAGAAG
LASV_GP_Josiah_reopt_ForPool,LASV_GP_Josiah_reopt-for-mut122,NNG,TTCTGCAATTTAAGCNNGGCCCACAAGAAGAAT
LASV_GP_Josiah_reopt_ForPool,LASV_GP_Josiah_reopt-for-mut123,NNG,CTGCAATTTAAGCGACNNGCACAAGAAGAATCTCTA
LASV_GP_Josiah_reopt_ForPool,LASV_GP_Josiah_reopt-for-mut124,NNG,CAATTTAAGCGACGCCNNGAAGAAGAATCTCTACG
LASV_GP_Josiah_reopt_ForPool,LASV_GP_Josiah_reopt-for-mut125,NNG,AGCGACGCCCACNNGAAGAATCTCTAC
LASV_GP_Josiah_reopt_ForPool,LASV_GP_Josiah_reopt-for-mut126,NNG,CGACGCCCACAAGNNGAATCTCTACGATC
LASV_GP_Josiah_reopt_ForPool,LASV_GP_Josiah_reopt-for-mut127,NNG,GCCCACAAGAAGNNGCTCTACGATCACG
LASV_GP_Josiah_reopt_ForPool,LASV_GP_Josiah_reopt-for-mut128,NNG,CCACAAGAAGAATNNGTACGATCACGCCCT
LASV_GP_Josiah_reopt_ForPool,LASV_GP_Josiah_reopt-for-mut129,NNG,ACAAGAAGAATCTCNNGGATCACGCCCTCAT
LASV_GP_Josiah_reopt_ForPool,LASV_GP_Josiah_reopt-for-mut130,NNG,GAAGAATCTCTACNNGCACGCCCTCATGTC
LASV_GP_Josiah_reopt_ForPool,LASV_GP_Josiah_reopt-for-mut131,NNG,AAGAATCTCTACGATNNGGCCCTCATGTCCATC
LASV_GP_Josiah_reopt_ForPool,LASV_GP_Josiah_reopt-for-mut132,NNG,AGAATCTCTACGATCACNNGCTCATGTCCATCATTAG
LASV_GP_Josiah_reopt_ForPool,LASV_GP_Josiah_reopt-for-mut133,NNG,TCTACGATCACGCCNNGATGTCCATCATTAG
LASV_GP_Josiah_reopt_ForPool,LASV_GP_Josiah_reopt-for-mut134,NNG,GATCACGCCCTCNNGTCCATCATTAGCA
LASV_GP_Josiah_reopt_ForPool,LASV_GP_Josiah_reopt-for-mut135,NNG,TCACGCCCTCATGNNGATCATTAGCACCT
LASV_GP_Josiah_reopt_ForPool,LASV_GP_Josiah_reopt-for-mut136,NNG,GCCCTCATGTCCNNGATTAGCACCTTCC
LASV_GP_Josiah_reopt_ForPool,LASV_GP_Josiah_reopt-for-mut137,NNG,CCTCATGTCCATCNNGAGCACCTTCCATTT
LASV_GP_Josiah_reopt_ForPool,LASV_GP_Josiah_reopt-for-mut138,NNG,CCTCATGTCCATCATTNNGACCTTCCATTTAAGCAT
LASV_GP_Josiah_reopt_ForPool,LASV_GP_Josiah_reopt-for-mut139,NNG,CATGTCCATCATTAGCNNGTTCCATTTAAGCATCCC
LASV_GP_Josiah_reopt_ForPool,LASV_GP_Josiah_reopt-for-mut140,NNG,CCATCATTAGCACCNNGCATTTAAGCATCCCT
LASV_GP_Josiah_reopt_ForPool,LASV_GP_Josiah_reopt-for-mut141,NNG,CATCATTAGCACCTTCNNGTTAAGCATCCCTAACTT
LASV_GP_Josiah_reopt_ForPool,LASV_GP_Josiah_reopt-for-mut142,NNG,ATTAGCACCTTCCATNNGAGCATCCCTAACTTCA
LASV_GP_Josiah_reopt_ForPool,LASV_GP_Josiah_reopt-for-mut143,NNG,TTAGCACCTTCCATTTANNGATCCCTAACTTCAACCA
LASV_GP_Josiah_reopt_ForPool,LASV_GP_Josiah_reopt-for-mut144,NNG,ACCTTCCATTTAAGCNNGCCTAACTTCAACCAG
LASV_GP_Josiah_reopt_ForPool,LASV_GP_Josiah_reopt-for-mut145,NNG,CCTTCCATTTAAGCATCNNGAACTTCAACCAGTATGA
LASV_GP_Josiah_reopt_ForPool,LASV_GP_Josiah_reopt-for-mut146,NNG,CCATTTAAGCATCCCTNNGTTCAACCAGTATGAAGC
LASV_GP_Josiah_reopt_ForPool,LASV_GP_Josiah_reopt-for-mut147,NNG,ATTTAAGCATCCCTAACNNGAACCAGTATGAAGCCAT
LASV_GP_Josiah_reopt_ForPool,LASV_GP_Josiah_reopt-for-mut148,NNG,GCATCCCTAACTTCNNGCAGTATGAAGCCATG
LASV_GP_Josiah_reopt_ForPool,LASV_GP_Josiah_reopt-for-mut149,NNG,ATCCCTAACTTCAACNNGTATGAAGCCATGAGCT
LASV_GP_Josiah_reopt_ForPool,LASV_GP_Josiah_reopt-for-mut150,NNG,CTAACTTCAACCAGNNGGAAGCCATGAGCTG
LASV_GP_Josiah_reopt_ForPool,LASV_GP_Josiah_reopt-for-mut151,NNG,TTCAACCAGTATNNGGCCATGAGCTGCG
LASV_GP_Josiah_reopt_ForPool,LASV_GP_Josiah_reopt-for-mut152,NNG,ACTTCAACCAGTATGAANNGATGAGCTGCGACTTTAA
LASV_GP_Josiah_reopt_ForPool,LASV_GP_Josiah_reopt-for-mut153,NNG,CCAGTATGAAGCCNNGAGCTGCGACTTTAA
LASV_GP_Josiah_reopt_ForPool,LASV_GP_Josiah_reopt-for-mut154,NNG,AGTATGAAGCCATGNNGTGCGACTTTAACGG
LASV_GP_Josiah_reopt_ForPool,LASV_GP_Josiah_reopt-for-mut155,NNG,GAAGCCATGAGCNNGGACTTTAACGGC
LASV_GP_Josiah_reopt_ForPool,LASV_GP_Josiah_reopt-for-mut156,NNG,CCATGAGCTGCNNGTTTAACGGCGG
LASV_GP_Josiah_reopt_ForPool,LASV_GP_Josiah_reopt-for-mut157,NNG,TGAGCTGCGACNNGAACGGCGGCAA
LASV_GP_Josiah_reopt_ForPool,LASV_GP_Josiah_reopt-for-mut158,NNG,GCTGCGACTTTNNGGGCGGCAAGAT
LASV_GP_Josiah_reopt_ForPool,LASV_GP_Josiah_reopt-for-mut159,NNG,CTGCGACTTTAACNNGGGCAAGATTTCCG
LASV_GP_Josiah_reopt_ForPool,LASV_GP_Josiah_reopt-for-mut160,NNG,CGACTTTAACGGCNNGAAGATTTCCGTGC
LASV_GP_Josiah_reopt_ForPool,LASV_GP_Josiah_reopt-for-mut161,NNG,TTAACGGCGGCNNGATTTCCGTGCA
LASV_GP_Josiah_reopt_ForPool,LASV_GP_Josiah_reopt-for-mut162,NNG,ACGGCGGCAAGNNGTCCGTGCAGTA
LASV_GP_Josiah_reopt_ForPool,LASV_GP_Josiah_reopt-for-mut163,NNG,GGCGGCAAGATTNNGGTGCAGTACAAC
LASV_GP_Josiah_reopt_ForPool,LASV_GP_Josiah_reopt-for-mut164,NNG,CGGCAAGATTTCCNNGCAGTACAACCTCT
LASV_GP_Josiah_reopt_ForPool,LASV_GP_Josiah_reopt-for-mut165,NNG,CAAGATTTCCGTGNNGTACAACCTCTCCCA
LASV_GP_Josiah_reopt_ForPool,LASV_GP_Josiah_reopt-for-mut166,NNG,ATTTCCGTGCAGNNGAACCTCTCCCAC
LASV_GP_Josiah_reopt_ForPool,LASV_GP_Josiah_reopt-for-mut167,NNG,CCGTGCAGTACNNGCTCTCCCACAG
LASV_GP_Josiah_reopt_ForPool,LASV_GP_Josiah_reopt-for-mut168,NNG,GTGCAGTACAACNNGTCCCACAGCTATG
LASV_GP_Josiah_reopt_ForPool,LASV_GP_Josiah_reopt-for-mut169,NNG,CAGTACAACCTCNNGCACAGCTATGCC
LASV_GP_Josiah_reopt_ForPool,LASV_GP_Josiah_reopt-for-mut170,NNG,TACAACCTCTCCNNGAGCTATGCCGGAG
LASV_GP_Josiah_reopt_ForPool,LASV_GP_Josiah_reopt-for-mut171,NNG,ACCTCTCCCACNNGTATGCCGGAGA
LASV_GP_Josiah_reopt_ForPool,LASV_GP_Josiah_reopt-for-mut172,NNG,TCTCCCACAGCNNGGCCGGAGACGC
LASV_GP_Josiah_reopt_ForPool,LASV_GP_Josiah_reopt-for-mut173,NNG,CCCACAGCTATNNGGGAGACGCCGC
LASV_GP_Josiah_reopt_ForPool,LASV_GP_Josiah_reopt-for-mut174,NNG,ACAGCTATGCCNNGGACGCCGCCAA
LASV_GP_Josiah_reopt_ForPool,LASV_GP_Josiah_reopt-for-mut175,NNG,GCTATGCCGGANNGGCCGCCAATCA
LASV_GP_Josiah_reopt_ForPool,LASV_GP_Josiah_reopt-for-mut176,NNG,TATGCCGGAGACNNGGCCAATCATTGTG
LASV_GP_Josiah_reopt_ForPool,LASV_GP_Josiah_reopt-for-mut177,NNG,CCGGAGACGCCNNGAATCATTGTGGA
LASV_GP_Josiah_reopt_ForPool,LASV_GP_Josiah_reopt-for-mut178,NNG,GAGACGCCGCCNNGCATTGTGGAAC
LASV_GP_Josiah_reopt_ForPool,LASV_GP_Josiah_reopt-for-mut179,NNG,ACGCCGCCAATNNGTGTGGAACCGT
LASV_GP_Josiah_reopt_ForPool,LASV_GP_Josiah_reopt-for-mut180,NNG,CCGCCAATCATNNGGGAACCGTGGC
LASV_GP_Josiah_reopt_ForPool,LASV_GP_Josiah_reopt-for-mut181,NNG,GCCAATCATTGTNNGACCGTGGCCAAC
LASV_GP_Josiah_reopt_ForPool,LASV_GP_Josiah_reopt-for-mut182,NNG,AATCATTGTGGANNGGTGGCCAACGGAG
LASV_GP_Josiah_reopt_ForPool,LASV_GP_Josiah_reopt-for-mut183,NNG,ATTGTGGAACCNNGGCCAACGGAGTT
LASV_GP_Josiah_reopt_ForPool,LASV_GP_Josiah_reopt-for-mut184,NNG,TTGTGGAACCGTGNNGAACGGAGTTCTTC
LASV_GP_Josiah_reopt_ForPool,LASV_GP_Josiah_reopt-for-mut185,NNG,GAACCGTGGCCNNGGGAGTTCTTCA
LASV_GP_Josiah_reopt_ForPool,LASV_GP_Josiah_reopt-for-mut186,NNG,CCGTGGCCAACNNGGTTCTTCAGACA
LASV_GP_Josiah_reopt_ForPool,LASV_GP_Josiah_reopt-for-mut187,NNG,CGTGGCCAACGGANNGCTTCAGACATTTAT
LASV_GP_Josiah_reopt_ForPool,LASV_GP_Josiah_reopt-for-mut188,NNG,TGGCCAACGGAGTTNNGCAGACATTTATGAG
LASV_GP_Josiah_reopt_ForPool,LASV_GP_Josiah_reopt-for-mut189,NNG,GCCAACGGAGTTCTTNNGACATTTATGAGGATGG
LASV_GP_Josiah_reopt_ForPool,LASV_GP_Josiah_reopt-for-mut190,NNG,AACGGAGTTCTTCAGNNGTTTATGAGGATGGCTT
LASV_GP_Josiah_reopt_ForPool,LASV_GP_Josiah_reopt-for-mut191,NNG,GAGTTCTTCAGACANNGATGAGGATGGCTTGG
LASV_GP_Josiah_reopt_ForPool,LASV_GP_Josiah_reopt-for-mut192,NNG,TTCTTCAGACATTTNNGAGGATGGCTTGGGG
LASV_GP_Josiah_reopt_ForPool,LASV_GP_Josiah_reopt-for-mut193,NNG,TCAGACATTTATGNNGATGGCTTGGGGCG
LASV_GP_Josiah_reopt_ForPool,LASV_GP_Josiah_reopt-for-mut194,NNG,CATTTATGAGGNNGGCTTGGGGCGG
LASV_GP_Josiah_reopt_ForPool,LASV_GP_Josiah_reopt-for-mut195,NNG,TTATGAGGATGNNGTGGGGCGGCTC
LASV_GP_Josiah_reopt_ForPool,LASV_GP_Josiah_reopt-for-mut196,NNG,TGAGGATGGCTNNGGGCGGCTCCTA
LASV_GP_Josiah_reopt_ForPool,LASV_GP_Josiah_reopt-for-mut197,NNG,AGGATGGCTTGGNNGGGCTCCTATATCG
LASV_GP_Josiah_reopt_ForPool,LASV_GP_Josiah_reopt-for-mut198,NNG,TGGCTTGGGGCNNGTCCTATATCGC
LASV_GP_Josiah_reopt_ForPool,LASV_GP_Josiah_reopt-for-mut199,NNG,CTTGGGGCGGCNNGTATATCGCTCT
LASV_GP_Josiah_reopt_ForPool,LASV_GP_Josiah_reopt-for-mut200,NNG,GGGGCGGCTCCNNGATCGCTCTGGA
LASV_GP_Josiah_reopt_ForPool,LASV_GP_Josiah_reopt-for-mut201,NNG,GCGGCTCCTATNNGGCTCTGGACTC
LASV_GP_Josiah_reopt_ForPool,LASV_GP_Josiah_reopt-for-mut202,NNG,GCTCCTATATCNNGCTGGACTCCGGC
LASV_GP_Josiah_reopt_ForPool,LASV_GP_Josiah_reopt-for-mut203,NNG,CTCCTATATCGCTNNGGACTCCGGCAGAG
LASV_GP_Josiah_reopt_ForPool,LASV_GP_Josiah_reopt-for-mut204,NNG,CTATATCGCTCTGNNGTCCGGCAGAGGTAA
LASV_GP_Josiah_reopt_ForPool,LASV_GP_Josiah_reopt-for-mut205,NNG,TCGCTCTGGACNNGGGCAGAGGTAA
LASV_GP_Josiah_reopt_ForPool,LASV_GP_Josiah_reopt-for-mut206,NNG,GCTCTGGACTCCNNGAGAGGTAACTGGG
LASV_GP_Josiah_reopt_ForPool,LASV_GP_Josiah_reopt-for-mut207,NNG,TGGACTCCGGCNNGGGTAACTGGGA
LASV_GP_Josiah_reopt_ForPool,LASV_GP_Josiah_reopt-for-mut208,NNG,ACTCCGGCAGANNGAACTGGGACTG
LASV_GP_Josiah_reopt_ForPool,LASV_GP_Josiah_reopt-for-mut209,NNG,CCGGCAGAGGTNNGTGGGACTGCAT
LASV_GP_Josiah_reopt_ForPool,LASV_GP_Josiah_reopt-for-mut210,NNG,GGCAGAGGTAACNNGGACTGCATCATGA
LASV_GP_Josiah_reopt_ForPool,LASV_GP_Josiah_reopt-for-mut211,NNG,CAGAGGTAACTGGNNGTGCATCATGACCAG
LASV_GP_Josiah_reopt_ForPool,LASV_GP_Josiah_reopt-for-mut212,NNG,GAGGTAACTGGGACNNGATCATGACCAGCTA
LASV_GP_Josiah_reopt_ForPool,LASV_GP_Josiah_reopt-for-mut213,NNG,AACTGGGACTGCNNGATGACCAGCTAC
LASV_GP_Josiah_reopt_ForPool,LASV_GP_Josiah_reopt-for-mut214,NNG,GGGACTGCATCNNGACCAGCTACCAA
LASV_GP_Josiah_reopt_ForPool,LASV_GP_Josiah_reopt-for-mut215,NNG,ACTGGGACTGCATCATGNNGAGCTACCAATATTTAAT
LASV_GP_Josiah_reopt_ForPool,LASV_GP_Josiah_reopt-for-mut216,NNG,GGGACTGCATCATGACCNNGTACCAATATTTAATCATC
LASV_GP_Josiah_reopt_ForPool,LASV_GP_Josiah_reopt-for-mut217,NNG,CTGCATCATGACCAGCNNGCAATATTTAATCATCCA
LASV_GP_Josiah_reopt_ForPool,LASV_GP_Josiah_reopt-for-mut218,NNG,GCATCATGACCAGCTACNNGTATTTAATCATCCAGAAC
LASV_GP_Josiah_reopt_ForPool,LASV_GP_Josiah_reopt-for-mut219,NNG,TCATGACCAGCTACCAANNGTTAATCATCCAGAACAC
LASV_GP_Josiah_reopt_ForPool,LASV_GP_Josiah_reopt-for-mut220,NNG,GACCAGCTACCAATATNNGATCATCCAGAACACCA
LASV_GP_Josiah_reopt_ForPool,LASV_GP_Josiah_reopt-for-mut221,NNG,CCAGCTACCAATATTTANNGATCCAGAACACCACTTGG
LASV_GP_Josiah_reopt_ForPool,LASV_GP_Josiah_reopt-for-mut222,NNG,CTACCAATATTTAATCNNGCAGAACACCACTTGGGA
LASV_GP_Josiah_reopt_ForPool,LASV_GP_Josiah_reopt-for-mut223,NNG,ACCAATATTTAATCATCNNGAACACCACTTGGGAGGA
LASV_GP_Josiah_reopt_ForPool,LASV_GP_Josiah_reopt-for-mut224,NNG,ATATTTAATCATCCAGNNGACCACTTGGGAGGACC
LASV_GP_Josiah_reopt_ForPool,LASV_GP_Josiah_reopt-for-mut225,NNG,TTAATCATCCAGAACNNGACTTGGGAGGACCAC
LASV_GP_Josiah_reopt_ForPool,LASV_GP_Josiah_reopt-for-mut226,NNG,TCCAGAACACCNNGTGGGAGGACCA
LASV_GP_Josiah_reopt_ForPool,LASV_GP_Josiah_reopt-for-mut227,NNG,CAGAACACCACTNNGGAGGACCACTGC
LASV_GP_Josiah_reopt_ForPool,LASV_GP_Josiah_reopt-for-mut228,NNG,ACACCACTTGGNNGGACCACTGCCA
LASV_GP_Josiah_reopt_ForPool,LASV_GP_Josiah_reopt-for-mut229,NNG,CCACTTGGGAGNNGCACTGCCAGTT
LASV_GP_Josiah_reopt_ForPool,LASV_GP_Josiah_reopt-for-mut230,NNG,ACTTGGGAGGACNNGTGCCAGTTCTCT
LASV_GP_Josiah_reopt_ForPool,LASV_GP_Josiah_reopt-for-mut231,NNG,GGGAGGACCACNNGCAGTTCTCTCG
LASV_GP_Josiah_reopt_ForPool,LASV_GP_Josiah_reopt-for-mut232,NNG,AGGACCACTGCNNGTTCTCTCGTCCT
LASV_GP_Josiah_reopt_ForPool,LASV_GP_Josiah_reopt-for-mut233,NNG,ACCACTGCCAGNNGTCTCGTCCTTCT
LASV_GP_Josiah_reopt_ForPool,LASV_GP_Josiah_reopt-for-mut234,NNG,ACTGCCAGTTCNNGCGTCCTTCTCC
LASV_GP_Josiah_reopt_ForPool,LASV_GP_Josiah_reopt-for-mut235,NNG,CTGCCAGTTCTCTNNGCCTTCTCCTATCG
LASV_GP_Josiah_reopt_ForPool,LASV_GP_Josiah_reopt-for-mut236,NNG,GCCAGTTCTCTCGTNNGTCTCCTATCGGATAC
LASV_GP_Josiah_reopt_ForPool,LASV_GP_Josiah_reopt-for-mut237,NNG,AGTTCTCTCGTCCTNNGCCTATCGGATACCT
LASV_GP_Josiah_reopt_ForPool,LASV_GP_Josiah_reopt-for-mut238,NNG,CTCTCGTCCTTCTNNGATCGGATACCTCGG
LASV_GP_Josiah_reopt_ForPool,LASV_GP_Josiah_reopt-for-mut239,NNG,CGTCCTTCTCCTNNGGGATACCTCGGTT
LASV_GP_Josiah_reopt_ForPool,LASV_GP_Josiah_reopt-for-mut240,NNG,CGTCCTTCTCCTATCNNGTACCTCGGTTTACTG
LASV_GP_Josiah_reopt_ForPool,LASV_GP_Josiah_reopt-for-mut241,NNG,CTTCTCCTATCGGANNGCTCGGTTTACTGAG
LASV_GP_Josiah_reopt_ForPool,LASV_GP_Josiah_reopt-for-mut242,NNG,CTCCTATCGGATACNNGGGTTTACTGAGCCAG
LASV_GP_Josiah_reopt_ForPool,LASV_GP_Josiah_reopt-for-mut243,NNG,CTATCGGATACCTCNNGTTACTGAGCCAGAGG
LASV_GP_Josiah_reopt_ForPool,LASV_GP_Josiah_reopt-for-mut244,NNG,GATACCTCGGTNNGCTGAGCCAGAGG
LASV_GP_Josiah_reopt_ForPool,LASV_GP_Josiah_reopt-for-mut245,NNG,GATACCTCGGTTTANNGAGCCAGAGGACTCG
LASV_GP_Josiah_reopt_ForPool,LASV_GP_Josiah_reopt-for-mut246,NNG,CTCGGTTTACTGNNGCAGAGGACTCGTG
LASV_GP_Josiah_reopt_ForPool,LASV_GP_Josiah_reopt-for-mut247,NNG,GGTTTACTGAGCNNGAGGACTCGTGACA
LASV_GP_Josiah_reopt_ForPool,LASV_GP_Josiah_reopt-for-mut248,NNG,GGTTTACTGAGCCAGNNGACTCGTGACATCTATA
LASV_GP_Josiah_reopt_ForPool,LASV_GP_Josiah_reopt-for-mut249,NNG,TTACTGAGCCAGAGGNNGCGTGACATCTATATC
LASV_GP_Josiah_reopt_ForPool,LASV_GP_Josiah_reopt-for-mut250,NNG,ACTGAGCCAGAGGACTNNGGACATCTATATCTCTC
LASV_GP_Josiah_reopt_ForPool,LASV_GP_Josiah_reopt-for-mut251,NNG,GAGCCAGAGGACTCGTNNGATCTATATCTCTCGTAG
LASV_GP_Josiah_reopt_ForPool,LASV_GP_Josiah_reopt-for-mut252,NNG,CAGAGGACTCGTGACNNGTATATCTCTCGTAGG
LASV_GP_Josiah_reopt_ForPool,LASV_GP_Josiah_reopt-for-mut253,NNG,GACTCGTGACATCNNGATCTCTCGTAGGCT
LASV_GP_Josiah_reopt_ForPool,LASV_GP_Josiah_reopt-for-mut254,NNG,CTCGTGACATCTATNNGTCTCGTAGGCTGCT
LASV_GP_Josiah_reopt_ForPool,LASV_GP_Josiah_reopt-for-mut255,NNG,TGACATCTATATCNNGCGTAGGCTGCTGG
LASV_GP_Josiah_reopt_ForPool,LASV_GP_Josiah_reopt-for-mut256,NNG,ACATCTATATCTCTNNGAGGCTGCTGGGCAC
LASV_GP_Josiah_reopt_ForPool,LASV_GP_Josiah_reopt-for-mut257,NNG,TCTATATCTCTCGTNNGCTGCTGGGCACATT
LASV_GP_Josiah_reopt_ForPool,LASV_GP_Josiah_reopt-for-mut258,NNG,ATATCTCTCGTAGGNNGCTGGGCACATTCAC
LASV_GP_Josiah_reopt_ForPool,LASV_GP_Josiah_reopt-for-mut259,NNG,TCTCGTAGGCTGNNGGGCACATTCACT
LASV_GP_Josiah_reopt_ForPool,LASV_GP_Josiah_reopt-for-mut260,NNG,CGTAGGCTGCTGNNGACATTCACTTGGA
LASV_GP_Josiah_reopt_ForPool,LASV_GP_Josiah_reopt-for-mut261,NNG,GGCTGCTGGGCNNGTTCACTTGGAC
LASV_GP_Josiah_reopt_ForPool,LASV_GP_Josiah_reopt-for-mut262,NNG,GCTGCTGGGCACANNGACTTGGACTTTAA
LASV_GP_Josiah_reopt_ForPool,LASV_GP_Josiah_reopt-for-mut263,NNG,CTGGGCACATTCNNGTGGACTTTAAGCG
LASV_GP_Josiah_reopt_ForPool,LASV_GP_Josiah_reopt-for-mut264,NNG,TGGGCACATTCACTNNGACTTTAAGCGATAGC
LASV_GP_Josiah_reopt_ForPool,LASV_GP_Josiah_reopt-for-mut265,NNG,GCACATTCACTTGGNNGTTAAGCGATAGCGA
LASV_GP_Josiah_reopt_ForPool,LASV_GP_Josiah_reopt-for-mut266,NNG,ATTCACTTGGACTNNGAGCGATAGCGAGG
LASV_GP_Josiah_reopt_ForPool,LASV_GP_Josiah_reopt-for-mut267,NNG,TCACTTGGACTTTANNGGATAGCGAGGGCAAG
LASV_GP_Josiah_reopt_ForPool,LASV_GP_Josiah_reopt-for-mut268,NNG,TGGACTTTAAGCNNGAGCGAGGGCAAG
LASV_GP_Josiah_reopt_ForPool,LASV_GP_Josiah_reopt-for-mut269,NNG,GACTTTAAGCGATNNGGAGGGCAAGGACAC
LASV_GP_Josiah_reopt_ForPool,LASV_GP_Josiah_reopt-for-mut270,NNG,TTTAAGCGATAGCNNGGGCAAGGACACTC
LASV_GP_Josiah_reopt_ForPool,LASV_GP_Josiah_reopt-for-mut271,NNG,GCGATAGCGAGNNGAAGGACACTCCC
LASV_GP_Josiah_reopt_ForPool,LASV_GP_Josiah_reopt-for-mut272,NNG,ATAGCGAGGGCNNGGACACTCCCGG
LASV_GP_Josiah_reopt_ForPool,LASV_GP_Josiah_reopt-for-mut273,NNG,GCGAGGGCAAGNNGACTCCCGGTGG
LASV_GP_Josiah_reopt_ForPool,LASV_GP_Josiah_reopt-for-mut274,NNG,AGGGCAAGGACNNGCCCGGTGGCTA
LASV_GP_Josiah_reopt_ForPool,LASV_GP_Josiah_reopt-for-mut275,NNG,GCAAGGACACTNNGGGTGGCTACTG
LASV_GP_Josiah_reopt_ForPool,LASV_GP_Josiah_reopt-for-mut276,NNG,AGGACACTCCCNNGGGCTACTGCCT
LASV_GP_Josiah_reopt_ForPool,LASV_GP_Josiah_reopt-for-mut277,NNG,ACACTCCCGGTNNGTACTGCCTCACT
LASV_GP_Josiah_reopt_ForPool,LASV_GP_Josiah_reopt-for-mut278,NNG,CTCCCGGTGGCNNGTGCCTCACTCG
LASV_GP_Josiah_reopt_ForPool,LASV_GP_Josiah_reopt-for-mut279,NNG,CCGGTGGCTACNNGCTCACTCGTTG
LASV_GP_Josiah_reopt_ForPool,LASV_GP_Josiah_reopt-for-mut280,NNG,GTGGCTACTGCNNGACTCGTTGGATG
LASV_GP_Josiah_reopt_ForPool,LASV_GP_Josiah_reopt-for-mut281,NNG,GCTACTGCCTCNNGCGTTGGATGCT
LASV_GP_Josiah_reopt_ForPool,LASV_GP_Josiah_reopt-for-mut282,NNG,CTACTGCCTCACTNNGTGGATGCTGATCG
LASV_GP_Josiah_reopt_ForPool,LASV_GP_Josiah_reopt-for-mut283,NNG,CTGCCTCACTCGTNNGATGCTGATCGAAG
LASV_GP_Josiah_reopt_ForPool,LASV_GP_Josiah_reopt-for-mut284,NNG,TCACTCGTTGGNNGCTGATCGAAGCC
LASV_GP_Josiah_reopt_ForPool,LASV_GP_Josiah_reopt-for-mut285,NNG,ACTCGTTGGATGNNGATCGAAGCCGAG
LASV_GP_Josiah_reopt_ForPool,LASV_GP_Josiah_reopt-for-mut286,NNG,GTTGGATGCTGNNGGAAGCCGAGCT
LASV_GP_Josiah_reopt_ForPool,LASV_GP_Josiah_reopt-for-mut287,NNG,GGATGCTGATCNNGGCCGAGCTCAA
LASV_GP_Josiah_reopt_ForPool,LASV_GP_Josiah_reopt-for-mut288,NNG,GATGCTGATCGAANNGGAGCTCAAGTGCTT
LASV_GP_Josiah_reopt_ForPool,LASV_GP_Josiah_reopt-for-mut289,NNG,CTGATCGAAGCCNNGCTCAAGTGCTTC
LASV_GP_Josiah_reopt_ForPool,LASV_GP_Josiah_reopt-for-mut290,NNG,TCGAAGCCGAGNNGAAGTGCTTCGG
LASV_GP_Josiah_reopt_ForPool,LASV_GP_Josiah_reopt-for-mut291,NNG,AAGCCGAGCTCNNGTGCTTCGGAAA
LASV_GP_Josiah_reopt_ForPool,LASV_GP_Josiah_reopt-for-mut292,NNG,CCGAGCTCAAGNNGTTCGGAAACACC
LASV_GP_Josiah_reopt_ForPool,LASV_GP_Josiah_reopt-for-mut293,NNG,AGCTCAAGTGCNNGGGAAACACCGC
LASV_GP_Josiah_reopt_ForPool,LASV_GP_Josiah_reopt-for-mut294,NNG,TCAAGTGCTTCNNGAACACCGCCGT
LASV_GP_Josiah_reopt_ForPool,LASV_GP_Josiah_reopt-for-mut295,NNG,AGTGCTTCGGANNGACCGCCGTGGC
LASV_GP_Josiah_reopt_ForPool,LASV_GP_Josiah_reopt-for-mut296,NNG,GCTTCGGAAACNNGGCCGTGGCTAA
LASV_GP_Josiah_reopt_ForPool,LASV_GP_Josiah_reopt-for-mut297,NNG,TCGGAAACACCNNGGTGGCTAAGTGC
LASV_GP_Josiah_reopt_ForPool,LASV_GP_Josiah_reopt-for-mut298,NNG,GAAACACCGCCNNGGCTAAGTGCAAC
LASV_GP_Josiah_reopt_ForPool,LASV_GP_Josiah_reopt-for-mut299,NNG,ACACCGCCGTGNNGAAGTGCAACGA
LASV_GP_Josiah_reopt_ForPool,LASV_GP_Josiah_reopt-for-mut300,NNG,CCGCCGTGGCTNNGTGCAACGAGAA
LASV_GP_Josiah_reopt_ForPool,LASV_GP_Josiah_reopt-for-mut301,NNG,CCGTGGCTAAGNNGAACGAGAAGCAC
LASV_GP_Josiah_reopt_ForPool,LASV_GP_Josiah_reopt-for-mut302,NNG,GTGGCTAAGTGCNNGGAGAAGCACGAT
LASV_GP_Josiah_reopt_ForPool,LASV_GP_Josiah_reopt-for-mut303,NNG,GCTAAGTGCAACNNGAAGCACGATGAGG
LASV_GP_Josiah_reopt_ForPool,LASV_GP_Josiah_reopt-for-mut304,NNG,AAGTGCAACGAGNNGCACGATGAGGAG
LASV_GP_Josiah_reopt_ForPool,LASV_GP_Josiah_reopt-for-mut305,NNG,GTGCAACGAGAAGNNGGATGAGGAGTTCTG
LASV_GP_Josiah_reopt_ForPool,LASV_GP_Josiah_reopt-for-mut306,NNG,AACGAGAAGCACNNGGAGGAGTTCTGC
LASV_GP_Josiah_reopt_ForPool,LASV_GP_Josiah_reopt-for-mut307,NNG,GAGAAGCACGATNNGGAGTTCTGCGACA
LASV_GP_Josiah_reopt_ForPool,LASV_GP_Josiah_reopt-for-mut308,NNG,AAGCACGATGAGNNGTTCTGCGACATG
LASV_GP_Josiah_reopt_ForPool,LASV_GP_Josiah_reopt-for-mut309,NNG,ACGATGAGGAGNNGTGCGACATGCTG
LASV_GP_Josiah_reopt_ForPool,LASV_GP_Josiah_reopt-for-mut310,NNG,GATGAGGAGTTCNNGGACATGCTGAGGC
LASV_GP_Josiah_reopt_ForPool,LASV_GP_Josiah_reopt-for-mut311,NNG,GAGGAGTTCTGCNNGATGCTGAGGCTG
LASV_GP_Josiah_reopt_ForPool,LASV_GP_Josiah_reopt-for-mut312,NNG,AGTTCTGCGACNNGCTGAGGCTGTTT
LASV_GP_Josiah_reopt_ForPool,LASV_GP_Josiah_reopt-for-mut313,NNG,AGTTCTGCGACATGNNGAGGCTGTTTGATTTC
LASV_GP_Josiah_reopt_ForPool,LASV_GP_Josiah_reopt-for-mut314,NNG,CTGCGACATGCTGNNGCTGTTTGATTTCAA
LASV_GP_Josiah_reopt_ForPool,LASV_GP_Josiah_reopt-for-mut315,NNG,GCGACATGCTGAGGNNGTTTGATTTCAACAAG
LASV_GP_Josiah_reopt_ForPool,LASV_GP_Josiah_reopt-for-mut316,NNG,CATGCTGAGGCTGNNGGATTTCAACAAGC
LASV_GP_Josiah_reopt_ForPool,LASV_GP_Josiah_reopt-for-mut317,NNG,GCTGAGGCTGTTTNNGTTCAACAAGCAAG
LASV_GP_Josiah_reopt_ForPool,LASV_GP_Josiah_reopt-for-mut318,NNG,CTGAGGCTGTTTGATNNGAACAAGCAAGCTATC
LASV_GP_Josiah_reopt_ForPool,LASV_GP_Josiah_reopt-for-mut319,NNG,AGGCTGTTTGATTTCNNGAAGCAAGCTATCCAG
LASV_GP_Josiah_reopt_ForPool,LASV_GP_Josiah_reopt-for-mut320,NNG,CTGTTTGATTTCAACNNGCAAGCTATCCAGAGG
LASV_GP_Josiah_reopt_ForPool,LASV_GP_Josiah_reopt-for-mut321,NNG,TTTGATTTCAACAAGNNGGCTATCCAGAGGCTG
LASV_GP_Josiah_reopt_ForPool,LASV_GP_Josiah_reopt-for-mut322,NNG,TGATTTCAACAAGCAANNGATCCAGAGGCTGAAAG
LASV_GP_Josiah_reopt_ForPool,LASV_GP_Josiah_reopt-for-mut323,NNG,CAACAAGCAAGCTNNGCAGAGGCTGAAAG
LASV_GP_Josiah_reopt_ForPool,LASV_GP_Josiah_reopt-for-mut324,NNG,AAGCAAGCTATCNNGAGGCTGAAAGCC
LASV_GP_Josiah_reopt_ForPool,LASV_GP_Josiah_reopt-for-mut325,NNG,CAAGCTATCCAGNNGCTGAAAGCCGAAG
LASV_GP_Josiah_reopt_ForPool,LASV_GP_Josiah_reopt-for-mut326,NNG,GCTATCCAGAGGNNGAAAGCCGAAGCC
LASV_GP_Josiah_reopt_ForPool,LASV_GP_Josiah_reopt-for-mut327,NNG,TCCAGAGGCTGNNGGCCGAAGCCCA
LASV_GP_Josiah_reopt_ForPool,LASV_GP_Josiah_reopt-for-mut328,NNG,CAGAGGCTGAAANNGGAAGCCCAGATGA
LASV_GP_Josiah_reopt_ForPool,LASV_GP_Josiah_reopt-for-mut329,NNG,GGCTGAAAGCCNNGGCCCAGATGAG
LASV_GP_Josiah_reopt_ForPool,LASV_GP_Josiah_reopt-for-mut330,NNG,CTGAAAGCCGAANNGCAGATGAGCATCC
LASV_GP_Josiah_reopt_ForPool,LASV_GP_Josiah_reopt-for-mut331,NNG,AAGCCGAAGCCNNGATGAGCATCCAG
LASV_GP_Josiah_reopt_ForPool,LASV_GP_Josiah_reopt-for-mut332,NNG,CCGAAGCCCAGNNGAGCATCCAGCT
LASV_GP_Josiah_reopt_ForPool,LASV_GP_Josiah_reopt-for-mut333,NNG,GAAGCCCAGATGNNGATCCAGCTGATCA
LASV_GP_Josiah_reopt_ForPool,LASV_GP_Josiah_reopt-for-mut334,NNG,GCCCAGATGAGCNNGCAGCTGATCAATA
LASV_GP_Josiah_reopt_ForPool,LASV_GP_Josiah_reopt-for-mut335,NNG,CCCAGATGAGCATCNNGCTGATCAATAAGGC
LASV_GP_Josiah_reopt_ForPool,LASV_GP_Josiah_reopt-for-mut336,NNG,AGATGAGCATCCAGNNGATCAATAAGGCCGT
LASV_GP_Josiah_reopt_ForPool,LASV_GP_Josiah_reopt-for-mut337,NNG,AGCATCCAGCTGNNGAATAAGGCCGTG
LASV_GP_Josiah_reopt_ForPool,LASV_GP_Josiah_reopt-for-mut338,NNG,ATCCAGCTGATCNNGAAGGCCGTGAAC
LASV_GP_Josiah_reopt_ForPool,LASV_GP_Josiah_reopt-for-mut339,NNG,AGCTGATCAATNNGGCCGTGAACGCT
LASV_GP_Josiah_reopt_ForPool,LASV_GP_Josiah_reopt-for-mut340,NNG,CAGCTGATCAATAAGNNGGTGAACGCTCTGATC
LASV_GP_Josiah_reopt_ForPool,LASV_GP_Josiah_reopt-for-mut341,NNG,CTGATCAATAAGGCCNNGAACGCTCTGATCAAC
LASV_GP_Josiah_reopt_ForPool,LASV_GP_Josiah_reopt-for-mut342,NNG,AATAAGGCCGTGNNGGCTCTGATCAACG
LASV_GP_Josiah_reopt_ForPool,LASV_GP_Josiah_reopt-for-mut343,NNG,AGGCCGTGAACNNGCTGATCAACGA
LASV_GP_Josiah_reopt_ForPool,LASV_GP_Josiah_reopt-for-mut344,NNG,CCGTGAACGCTNNGATCAACGACCAG
LASV_GP_Josiah_reopt_ForPool,LASV_GP_Josiah_reopt-for-mut345,NNG,TGAACGCTCTGNNGAACGACCAGCTG
LASV_GP_Josiah_reopt_ForPool,LASV_GP_Josiah_reopt-for-mut346,NNG,TGAACGCTCTGATCNNGGACCAGCTGATTAT
LASV_GP_Josiah_reopt_ForPool,LASV_GP_Josiah_reopt-for-mut347,NNG,AACGCTCTGATCAACNNGCAGCTGATTATGAAG
LASV_GP_Josiah_reopt_ForPool,LASV_GP_Josiah_reopt-for-mut348,NNG,CGCTCTGATCAACGACNNGCTGATTATGAAGAATC
LASV_GP_Josiah_reopt_ForPool,LASV_GP_Josiah_reopt-for-mut349,NNG,CGCTCTGATCAACGACCAGNNGATTATGAAGAATCATTTAA
LASV_GP_Josiah_reopt_ForPool,LASV_GP_Josiah_reopt-for-mut350,NNG,TGATCAACGACCAGCTGNNGATGAAGAATCATTTAAG
LASV_GP_Josiah_reopt_ForPool,LASV_GP_Josiah_reopt-for-mut351,NNG,TCAACGACCAGCTGATTNNGAAGAATCATTTAAGAGAC
LASV_GP_Josiah_reopt_ForPool,LASV_GP_Josiah_reopt-for-mut352,NNG,AACGACCAGCTGATTATGNNGAATCATTTAAGAGACATCA
LASV_GP_Josiah_reopt_ForPool,LASV_GP_Josiah_reopt-for-mut353,NNG,ACCAGCTGATTATGAAGNNGCATTTAAGAGACATCATG
LASV_GP_Josiah_reopt_ForPool,LASV_GP_Josiah_reopt-for-mut354,NNG,CAGCTGATTATGAAGAATNNGTTAAGAGACATCATGGGC
LASV_GP_Josiah_reopt_ForPool,LASV_GP_Josiah_reopt-for-mut355,NNG,CTGATTATGAAGAATCATNNGAGAGACATCATGGGCATCC
LASV_GP_Josiah_reopt_ForPool,LASV_GP_Josiah_reopt-for-mut356,NNG,TTATGAAGAATCATTTANNGGACATCATGGGCATCCCT
LASV_GP_Josiah_reopt_ForPool,LASV_GP_Josiah_reopt-for-mut357,NNG,ATGAAGAATCATTTAAGANNGATCATGGGCATCCCTTACT
LASV_GP_Josiah_reopt_ForPool,LASV_GP_Josiah_reopt-for-mut358,NNG,AGAATCATTTAAGAGACNNGATGGGCATCCCTTACTG
LASV_GP_Josiah_reopt_ForPool,LASV_GP_Josiah_reopt-for-mut359,NNG,CATTTAAGAGACATCNNGGGCATCCCTTACTGC
LASV_GP_Josiah_reopt_ForPool,LASV_GP_Josiah_reopt-for-mut360,NNG,CATTTAAGAGACATCATGNNGATCCCTTACTGCAACTACA
LASV_GP_Josiah_reopt_ForPool,LASV_GP_Josiah_reopt-for-mut361,NNG,GACATCATGGGCNNGCCTTACTGCAACT
LASV_GP_Josiah_reopt_ForPool,LASV_GP_Josiah_reopt-for-mut362,NNG,ACATCATGGGCATCNNGTACTGCAACTACAG
LASV_GP_Josiah_reopt_ForPool,LASV_GP_Josiah_reopt-for-mut363,NNG,ATGGGCATCCCTNNGTGCAACTACAGC
LASV_GP_Josiah_reopt_ForPool,LASV_GP_Josiah_reopt-for-mut364,NNG,ATGGGCATCCCTTACNNGAACTACAGCAAGTATT
LASV_GP_Josiah_reopt_ForPool,LASV_GP_Josiah_reopt-for-mut365,NNG,GCATCCCTTACTGCNNGTACAGCAAGTATTGG
LASV_GP_Josiah_reopt_ForPool,LASV_GP_Josiah_reopt-for-mut366,NNG,ATCCCTTACTGCAACNNGAGCAAGTATTGGTAC
LASV_GP_Josiah_reopt_ForPool,LASV_GP_Josiah_reopt-for-mut367,NNG,CCCTTACTGCAACTACNNGAAGTATTGGTACCTCAA
LASV_GP_Josiah_reopt_ForPool,LASV_GP_Josiah_reopt-for-mut368,NNG,TACTGCAACTACAGCNNGTATTGGTACCTCAAC
LASV_GP_Josiah_reopt_ForPool,LASV_GP_Josiah_reopt-for-mut369,NNG,CAACTACAGCAAGNNGTGGTACCTCAACCA
LASV_GP_Josiah_reopt_ForPool,LASV_GP_Josiah_reopt-for-mut370,NNG,CAACTACAGCAAGTATNNGTACCTCAACCATACCAC
LASV_GP_Josiah_reopt_ForPool,LASV_GP_Josiah_reopt-for-mut371,NNG,ACAGCAAGTATTGGNNGCTCAACCATACCAC
LASV_GP_Josiah_reopt_ForPool,LASV_GP_Josiah_reopt-for-mut372,NNG,GCAAGTATTGGTACNNGAACCATACCACCACC
LASV_GP_Josiah_reopt_ForPool,LASV_GP_Josiah_reopt-for-mut373,NNG,GTATTGGTACCTCNNGCATACCACCACCG
LASV_GP_Josiah_reopt_ForPool,LASV_GP_Josiah_reopt-for-mut374,NNG,GGTACCTCAACNNGACCACCACCGG
LASV_GP_Josiah_reopt_ForPool,LASV_GP_Josiah_reopt-for-mut375,NNG,TACCTCAACCATNNGACCACCGGACGTA
LASV_GP_Josiah_reopt_ForPool,LASV_GP_Josiah_reopt-for-mut376,NNG,CTCAACCATACCNNGACCGGACGTACCT
LASV_GP_Josiah_reopt_ForPool,LASV_GP_Josiah_reopt-for-mut377,NNG,AACCATACCACCNNGGGACGTACCTCTT
LASV_GP_Josiah_reopt_ForPool,LASV_GP_Josiah_reopt-for-mut378,NNG,CCATACCACCACCNNGCGTACCTCTTTAC
LASV_GP_Josiah_reopt_ForPool,LASV_GP_Josiah_reopt-for-mut379,NNG,CATACCACCACCGGANNGACCTCTTTACCTAAAT
LASV_GP_Josiah_reopt_ForPool,LASV_GP_Josiah_reopt-for-mut380,NNG,CCACCACCGGACGTNNGTCTTTACCTAAATG
LASV_GP_Josiah_reopt_ForPool,LASV_GP_Josiah_reopt-for-mut381,NNG,CACCGGACGTACCNNGTTACCTAAATGCTG
LASV_GP_Josiah_reopt_ForPool,LASV_GP_Josiah_reopt-for-mut382,NNG,GGACGTACCTCTNNGCCTAAATGCTGGC
LASV_GP_Josiah_reopt_ForPool,LASV_GP_Josiah_reopt-for-mut383,NNG,GACGTACCTCTTTANNGAAATGCTGGCTGGTG
LASV_GP_Josiah_reopt_ForPool,LASV_GP_Josiah_reopt-for-mut384,NNG,TACCTCTTTACCTNNGTGCTGGCTGGTGAG
LASV_GP_Josiah_reopt_ForPool,LASV_GP_Josiah_reopt-for-mut385,NNG,CCTCTTTACCTAAANNGTGGCTGGTGAGCAAC
LASV_GP_Josiah_reopt_ForPool,LASV_GP_Josiah_reopt-for-mut386,NNG,TTTACCTAAATGCNNGCTGGTGAGCAACG
LASV_GP_Josiah_reopt_ForPool,LASV_GP_Josiah_reopt-for-mut387,NNG,CTAAATGCTGGNNGGTGAGCAACGGC
LASV_GP_Josiah_reopt_ForPool,LASV_GP_Josiah_reopt-for-mut388,NNG,AATGCTGGCTGNNGAGCAACGGCAG
LASV_GP_Josiah_reopt_ForPool,LASV_GP_Josiah_reopt-for-mut389,NNG,GCTGGCTGGTGNNGAACGGCAGCTA
LASV_GP_Josiah_reopt_ForPool,LASV_GP_Josiah_reopt-for-mut390,NNG,GGCTGGTGAGCNNGGGCAGCTACCT
LASV_GP_Josiah_reopt_ForPool,LASV_GP_Josiah_reopt-for-mut391,NNG,CTGGTGAGCAACNNGAGCTACCTCAACG
LASV_GP_Josiah_reopt_ForPool,LASV_GP_Josiah_reopt-for-mut392,NNG,TGAGCAACGGCNNGTACCTCAACGAG
LASV_GP_Josiah_reopt_ForPool,LASV_GP_Josiah_reopt-for-mut393,NNG,GCAACGGCAGCNNGCTCAACGAGAC
LASV_GP_Josiah_reopt_ForPool,LASV_GP_Josiah_reopt-for-mut394,NNG,AACGGCAGCTACNNGAACGAGACACATT
LASV_GP_Josiah_reopt_ForPool,LASV_GP_Josiah_reopt-for-mut395,NNG,GGCAGCTACCTCNNGGAGACACATTTCA
LASV_GP_Josiah_reopt_ForPool,LASV_GP_Josiah_reopt-for-mut396,NNG,CAGCTACCTCAACNNGACACATTTCAGCGA
LASV_GP_Josiah_reopt_ForPool,LASV_GP_Josiah_reopt-for-mut397,NNG,TACCTCAACGAGNNGCATTTCAGCGACG
LASV_GP_Josiah_reopt_ForPool,LASV_GP_Josiah_reopt-for-mut398,NNG,CTCAACGAGACANNGTTCAGCGACGACA
LASV_GP_Josiah_reopt_ForPool,LASV_GP_Josiah_reopt-for-mut399,NNG,AACGAGACACATNNGAGCGACGACATCG
LASV_GP_Josiah_reopt_ForPool,LASV_GP_Josiah_reopt-for-mut400,NNG,GAGACACATTTCNNGGACGACATCGAGC
LASV_GP_Josiah_reopt_ForPool,LASV_GP_Josiah_reopt-for-mut401,NNG,ACACATTTCAGCNNGGACATCGAGCAG
LASV_GP_Josiah_reopt_ForPool,LASV_GP_Josiah_reopt-for-mut402,NNG,CATTTCAGCGACNNGATCGAGCAGCAAG
LASV_GP_Josiah_reopt_ForPool,LASV_GP_Josiah_reopt-for-mut403,NNG,TCAGCGACGACNNGGAGCAGCAAGC
LASV_GP_Josiah_reopt_ForPool,LASV_GP_Josiah_reopt-for-mut404,NNG,GCGACGACATCNNGCAGCAAGCTGA
LASV_GP_Josiah_reopt_ForPool,LASV_GP_Josiah_reopt-for-mut405,NNG,GACGACATCGAGNNGCAAGCTGACAACA
LASV_GP_Josiah_reopt_ForPool,LASV_GP_Josiah_reopt-for-mut406,NNG,GACATCGAGCAGNNGGCTGACAACATGA
LASV_GP_Josiah_reopt_ForPool,LASV_GP_Josiah_reopt-for-mut407,NNG,ACATCGAGCAGCAANNGGACAACATGATCAC
LASV_GP_Josiah_reopt_ForPool,LASV_GP_Josiah_reopt-for-mut408,NNG,GAGCAGCAAGCTNNGAACATGATCACCG
LASV_GP_Josiah_reopt_ForPool,LASV_GP_Josiah_reopt-for-mut409,NNG,CAGCAAGCTGACNNGATGATCACCGAGA
LASV_GP_Josiah_reopt_ForPool,LASV_GP_Josiah_reopt-for-mut410,NNG,CAAGCTGACAACNNGATCACCGAGATGC
LASV_GP_Josiah_reopt_ForPool,LASV_GP_Josiah_reopt-for-mut411,NNG,GCTGACAACATGNNGACCGAGATGCTG
LASV_GP_Josiah_reopt_ForPool,LASV_GP_Josiah_reopt-for-mut412,NNG,CTGACAACATGATCNNGGAGATGCTGCAGAAG
LASV_GP_Josiah_reopt_ForPool,LASV_GP_Josiah_reopt-for-mut413,NNG,CAACATGATCACCNNGATGCTGCAGAAGGA
LASV_GP_Josiah_reopt_ForPool,LASV_GP_Josiah_reopt-for-mut414,NNG,ATGATCACCGAGNNGCTGCAGAAGGAGT
LASV_GP_Josiah_reopt_ForPool,LASV_GP_Josiah_reopt-for-mut415,NNG,CATGATCACCGAGATGNNGCAGAAGGAGTATATGG
LASV_GP_Josiah_reopt_ForPool,LASV_GP_Josiah_reopt-for-mut416,NNG,ATCACCGAGATGCTGNNGAAGGAGTATATGGAGA
LASV_GP_Josiah_reopt_ForPool,LASV_GP_Josiah_reopt-for-mut417,NNG,CCGAGATGCTGCAGNNGGAGTATATGGAGAG
LASV_GP_Josiah_reopt_ForPool,LASV_GP_Josiah_reopt-for-mut418,NNG,GAGATGCTGCAGAAGNNGTATATGGAGAGGCAA
LASV_GP_Josiah_reopt_ForPool,LASV_GP_Josiah_reopt-for-mut419,NNG,CTGCAGAAGGAGNNGATGGAGAGGCAAG
LASV_GP_Josiah_reopt_ForPool,LASV_GP_Josiah_reopt-for-mut420,NNG,CTGCAGAAGGAGTATNNGGAGAGGCAAGGTAAG
LASV_GP_Josiah_reopt_ForPool,LASV_GP_Josiah_reopt-for-mut421,NNG,GCAGAAGGAGTATATGNNGAGGCAAGGTAAGACTC
LASV_GP_Josiah_reopt_ForPool,LASV_GP_Josiah_reopt-for-mut422,NNG,GAAGGAGTATATGGAGNNGCAAGGTAAGACTCCTCT
LASV_GP_Josiah_reopt_ForPool,LASV_GP_Josiah_reopt-for-mut423,NNG,GAGTATATGGAGAGGNNGGGTAAGACTCCTCTCG
LASV_GP_Josiah_reopt_ForPool,LASV_GP_Josiah_reopt-for-mut424,NNG,ATATGGAGAGGCAANNGAAGACTCCTCTCGG
LASV_GP_Josiah_reopt_ForPool,LASV_GP_Josiah_reopt-for-mut425,NNG,AGAGGCAAGGTNNGACTCCTCTCGG
LASV_GP_Josiah_reopt_ForPool,LASV_GP_Josiah_reopt-for-mut426,NNG,GGCAAGGTAAGNNGCCTCTCGGCCT
LASV_GP_Josiah_reopt_ForPool,LASV_GP_Josiah_reopt-for-mut427,NNG,CAAGGTAAGACTNNGCTCGGCCTCGTG
LASV_GP_Josiah_reopt_ForPool,LASV_GP_Josiah_reopt-for-mut428,NNG,GGTAAGACTCCTNNGGGCCTCGTGGATT
LASV_GP_Josiah_reopt_ForPool,LASV_GP_Josiah_reopt-for-mut429,NNG,GGTAAGACTCCTCTCNNGCTCGTGGATTTATTC
LASV_GP_Josiah_reopt_ForPool,LASV_GP_Josiah_reopt-for-mut430,NNG,GACTCCTCTCGGCNNGGTGGATTTATTCG
LASV_GP_Josiah_reopt_ForPool,LASV_GP_Josiah_reopt-for-mut431,NNG,TCCTCTCGGCCTCNNGGATTTATTCGTGTT
LASV_GP_Josiah_reopt_ForPool,LASV_GP_Josiah_reopt-for-mut432,NNG,CTCGGCCTCGTGNNGTTATTCGTGTTCA
LASV_GP_Josiah_reopt_ForPool,LASV_GP_Josiah_reopt-for-mut433,NNG,GCCTCGTGGATNNGTTCGTGTTCAGC
LASV_GP_Josiah_reopt_ForPool,LASV_GP_Josiah_reopt-for-mut434,NNG,CCTCGTGGATTTANNGGTGTTCAGCACCAG
LASV_GP_Josiah_reopt_ForPool,LASV_GP_Josiah_reopt-for-mut435,NNG,TCGTGGATTTATTCNNGTTCAGCACCAGCTTC
LASV_GP_Josiah_reopt_ForPool,LASV_GP_Josiah_reopt-for-mut436,NNG,GTGGATTTATTCGTGNNGAGCACCAGCTTCTAC
LASV_GP_Josiah_reopt_ForPool,LASV_GP_Josiah_reopt-for-mut437,NNG,GATTTATTCGTGTTCNNGACCAGCTTCTACCTCA
LASV_GP_Josiah_reopt_ForPool,LASV_GP_Josiah_reopt-for-mut438,NNG,TTTATTCGTGTTCAGCNNGAGCTTCTACCTCATCA
LASV_GP_Josiah_reopt_ForPool,LASV_GP_Josiah_reopt-for-mut439,NNG,CGTGTTCAGCACCNNGTTCTACCTCATCAG
LASV_GP_Josiah_reopt_ForPool,LASV_GP_Josiah_reopt-for-mut440,NNG,TTCAGCACCAGCNNGTACCTCATCAGC
LASV_GP_Josiah_reopt_ForPool,LASV_GP_Josiah_reopt-for-mut441,NNG,GCACCAGCTTCNNGCTCATCAGCATC
LASV_GP_Josiah_reopt_ForPool,LASV_GP_Josiah_reopt-for-mut442,NNG,GCACCAGCTTCTACNNGATCAGCATCTTTCTT
LASV_GP_Josiah_reopt_ForPool,LASV_GP_Josiah_reopt-for-mut443,NNG,ACCAGCTTCTACCTCNNGAGCATCTTTCTTCATC
LASV_GP_Josiah_reopt_ForPool,LASV_GP_Josiah_reopt-for-mut444,NNG,CAGCTTCTACCTCATCNNGATCTTTCTTCATCTGGT
LASV_GP_Josiah_reopt_ForPool,LASV_GP_Josiah_reopt-for-mut445,NNG,CTTCTACCTCATCAGCNNGTTTCTTCATCTGGTCAA
LASV_GP_Josiah_reopt_ForPool,LASV_GP_Josiah_reopt-for-mut446,NNG,CCTCATCAGCATCNNGCTTCATCTGGTCAA
LASV_GP_Josiah_reopt_ForPool,LASV_GP_Josiah_reopt-for-mut447,NNG,CCTCATCAGCATCTTTNNGCATCTGGTCAAGATTC
LASV_GP_Josiah_reopt_ForPool,LASV_GP_Josiah_reopt-for-mut448,NNG,CATCAGCATCTTTCTTNNGCTGGTCAAGATTCCTAC
LASV_GP_Josiah_reopt_ForPool,LASV_GP_Josiah_reopt-for-mut449,NNG,CAGCATCTTTCTTCATNNGGTCAAGATTCCTACCC
LASV_GP_Josiah_reopt_ForPool,LASV_GP_Josiah_reopt-for-mut450,NNG,GCATCTTTCTTCATCTGNNGAAGATTCCTACCCATAGA
LASV_GP_Josiah_reopt_ForPool,LASV_GP_Josiah_reopt-for-mut451,NNG,TCTTTCTTCATCTGGTCNNGATTCCTACCCATAGACA
LASV_GP_Josiah_reopt_ForPool,LASV_GP_Josiah_reopt-for-mut452,NNG,TTCATCTGGTCAAGNNGCCTACCCATAGACAC
LASV_GP_Josiah_reopt_ForPool,LASV_GP_Josiah_reopt-for-mut453,NNG,TCATCTGGTCAAGATTNNGACCCATAGACACATCG
LASV_GP_Josiah_reopt_ForPool,LASV_GP_Josiah_reopt-for-mut454,NNG,CTGGTCAAGATTCCTNNGCATAGACACATCGTG
LASV_GP_Josiah_reopt_ForPool,LASV_GP_Josiah_reopt-for-mut455,NNG,TCAAGATTCCTACCNNGAGACACATCGTGGG
LASV_GP_Josiah_reopt_ForPool,LASV_GP_Josiah_reopt-for-mut456,NNG,ATTCCTACCCATNNGCACATCGTGGGC
LASV_GP_Josiah_reopt_ForPool,LASV_GP_Josiah_reopt-for-mut457,NNG,TTCCTACCCATAGANNGATCGTGGGCAAGAG
LASV_GP_Josiah_reopt_ForPool,LASV_GP_Josiah_reopt-for-mut458,NNG,CCCATAGACACNNGGTGGGCAAGAGC
LASV_GP_Josiah_reopt_ForPool,LASV_GP_Josiah_reopt-for-mut459,NNG,CCATAGACACATCNNGGGCAAGAGCTGTC
LASV_GP_Josiah_reopt_ForPool,LASV_GP_Josiah_reopt-for-mut460,NNG,ATAGACACATCGTGNNGAAGAGCTGTCCCAAG
LASV_GP_Josiah_reopt_ForPool,LASV_GP_Josiah_reopt-for-mut461,NNG,ACATCGTGGGCNNGAGCTGTCCCAA
LASV_GP_Josiah_reopt_ForPool,LASV_GP_Josiah_reopt-for-mut462,NNG,TCGTGGGCAAGNNGTGTCCCAAGCC
LASV_GP_Josiah_reopt_ForPool,LASV_GP_Josiah_reopt-for-mut463,NNG,TGGGCAAGAGCNNGCCCAAGCCTCA
LASV_GP_Josiah_reopt_ForPool,LASV_GP_Josiah_reopt-for-mut464,NNG,GGGCAAGAGCTGTNNGAAGCCTCATAGAC
LASV_GP_Josiah_reopt_ForPool,LASV_GP_Josiah_reopt-for-mut465,NNG,CAAGAGCTGTCCCNNGCCTCATAGACTCA
LASV_GP_Josiah_reopt_ForPool,LASV_GP_Josiah_reopt-for-mut466,NNG,GAGCTGTCCCAAGNNGCATAGACTCAACC
LASV_GP_Josiah_reopt_ForPool,LASV_GP_Josiah_reopt-for-mut467,NNG,TGTCCCAAGCCTNNGAGACTCAACCACA
LASV_GP_Josiah_reopt_ForPool,LASV_GP_Josiah_reopt-for-mut468,NNG,CCCAAGCCTCATNNGCTCAACCACATG
LASV_GP_Josiah_reopt_ForPool,LASV_GP_Josiah_reopt-for-mut469,NNG,CAAGCCTCATAGANNGAACCACATGGGCAT
LASV_GP_Josiah_reopt_ForPool,LASV_GP_Josiah_reopt-for-mut470,NNG,CCTCATAGACTCNNGCACATGGGCATCT
LASV_GP_Josiah_reopt_ForPool,LASV_GP_Josiah_reopt-for-mut471,NNG,CTCATAGACTCAACNNGATGGGCATCTGCAG
LASV_GP_Josiah_reopt_ForPool,LASV_GP_Josiah_reopt-for-mut472,NNG,GACTCAACCACNNGGGCATCTGCAG
LASV_GP_Josiah_reopt_ForPool,LASV_GP_Josiah_reopt-for-mut473,NNG,CTCAACCACATGNNGATCTGCAGCTGC
LASV_GP_Josiah_reopt_ForPool,LASV_GP_Josiah_reopt-for-mut474,NNG,ACCACATGGGCNNGTGCAGCTGCGG
LASV_GP_Josiah_reopt_ForPool,LASV_GP_Josiah_reopt-for-mut475,NNG,ACATGGGCATCNNGAGCTGCGGACT
LASV_GP_Josiah_reopt_ForPool,LASV_GP_Josiah_reopt-for-mut476,NNG,TGGGCATCTGCNNGTGCGGACTGTA
LASV_GP_Josiah_reopt_ForPool,LASV_GP_Josiah_reopt-for-mut477,NNG,GCATCTGCAGCNNGGGACTGTACAAG
LASV_GP_Josiah_reopt_ForPool,LASV_GP_Josiah_reopt-for-mut478,NNG,TCTGCAGCTGCNNGCTGTACAAGCA
LASV_GP_Josiah_reopt_ForPool,LASV_GP_Josiah_reopt-for-mut479,NNG,GCAGCTGCGGANNGTACAAGCAACC
LASV_GP_Josiah_reopt_ForPool,LASV_GP_Josiah_reopt-for-mut480,NNG,GCTGCGGACTGNNGAAGCAACCCGG
LASV_GP_Josiah_reopt_ForPool,LASV_GP_Josiah_reopt-for-mut481,NNG,GCGGACTGTACNNGCAACCCGGTGT
LASV_GP_Josiah_reopt_ForPool,LASV_GP_Josiah_reopt-for-mut482,NNG,GACTGTACAAGNNGCCCGGTGTGCC
LASV_GP_Josiah_reopt_ForPool,LASV_GP_Josiah_reopt-for-mut483,NNG,CTGTACAAGCAANNGGGTGTGCCCGTTA
LASV_GP_Josiah_reopt_ForPool,LASV_GP_Josiah_reopt-for-mut484,NNG,TACAAGCAACCCNNGGTGCCCGTTAAG
LASV_GP_Josiah_reopt_ForPool,LASV_GP_Josiah_reopt-for-mut485,NNG,AGCAACCCGGTNNGCCCGTTAAGTG
LASV_GP_Josiah_reopt_ForPool,LASV_GP_Josiah_reopt-for-mut486,NNG,CAACCCGGTGTGNNGGTTAAGTGGAAGA
LASV_GP_Josiah_reopt_ForPool,LASV_GP_Josiah_reopt-for-mut487,NNG,CCGGTGTGCCCNNGAAGTGGAAGAG
LASV_GP_Josiah_reopt_ForPool,LASV_GP_Josiah_reopt-for-mut488,NNG,GGTGTGCCCGTTNNGTGGAAGAGAtgat
LASV_GP_Josiah_reopt_ForPool,LASV_GP_Josiah_reopt-for-mut489,NNG,GTGTGCCCGTTAAGNNGAAGAGAtgataaggc
LASV_GP_Josiah_reopt_ForPool,LASV_GP_Josiah_reopt-for-mut490,NNG,GCCCGTTAAGTGGNNGAGAtgataaggcg
LASV_GP_Josiah_reopt_ForPool,LASV_GP_Josiah_reopt-for-mut491,NNG,GTTAAGTGGAAGNNGtgataaggcgcgc
LASV_GP_Josiah_reopt_RevPool,LASV_GP_Josiah_reopt-rev-mut1,NNG,ACGATCTGTCCCNNggtggcacgcg
LASV_GP_Josiah_reopt_RevPool,LASV_GP_Josiah_reopt-rev-mut2,NNG,GTGACGATCTGCNNCATggtggcac
LASV_GP_Josiah_reopt_RevPool,LASV_GP_Josiah_reopt-rev-mut3,NNG,GAAGGTGACGATCNNTCCCATggtggc
LASV_GP_Josiah_reopt_RevPool,LASV_GP_Josiah_reopt-rev-mut4,NNG,GAAGAAGGTGACCNNCTGTCCCATggt
LASV_GP_Josiah_reopt_RevPool,LASV_GP_Josiah_reopt-rev-mut5,NNG,TTCTTGGAAGAAGGTCNNGATCTGTCCCATgg
LASV_GP_Josiah_reopt_RevPool,LASV_GP_Josiah_reopt-rev-mut6,NNG,ACTTCTTGGAAGAACNNGACGATCTGTCCCA
LASV_GP_Josiah_reopt_RevPool,LASV_GP_Josiah_reopt-rev-mut7,NNG,GCACTTCTTGGAACNNGGTGACGATCTGT
LASV_GP_Josiah_reopt_RevPool,LASV_GP_Josiah_reopt-rev-mut8,NNG,GAGGCACTTCTTGCNNGAAGGTGACGAT
LASV_GP_Josiah_reopt_RevPool,LASV_GP_Josiah_reopt-rev-mut9,NNG,CATGAGGCACTTCCNNGAAGAAGGTGACG
LASV_GP_Josiah_reopt_RevPool,LASV_GP_Josiah_reopt-rev-mut10,NNG,ATGACATGAGGCACCNNTTGGAAGAAGGTGA
LASV_GP_Josiah_reopt_RevPool,LASV_GP_Josiah_reopt-rev-mut11,NNG,CTCGATGACATGAGGCNNTTCTTGGAAGAAGG
LASV_GP_Josiah_reopt_RevPool,LASV_GP_Josiah_reopt-rev-mut12,NNG,TCCTCGATGACATGCNNCACTTCTTGGAAGA
LASV_GP_Josiah_reopt_RevPool,LASV_GP_Josiah_reopt-rev-mut13,NNG,CCTCCTCGATGACCNNAGGCACTTCTTG
LASV_GP_Josiah_reopt_RevPool,LASV_GP_Josiah_reopt-rev-mut14,NNG,ATCACCTCCTCGATCNNATGAGGCACTTCTT
LASV_GP_Josiah_reopt_RevPool,LASV_GP_Josiah_reopt-rev-mut15,NNG,CATCACCTCCTCCNNGACATGAGGCAC
LASV_GP_Josiah_reopt_RevPool,LASV_GP_Josiah_reopt-rev-mut16,NNG,ATGTTCATCACCTCCNNGATGACATGAGGC
LASV_GP_Josiah_reopt_RevPool,LASV_GP_Josiah_reopt-rev-mut17,NNG,CACGATGTTCATCACCNNCTCGATGACATGAG
LASV_GP_Josiah_reopt_RevPool,LASV_GP_Josiah_reopt-rev-mut18,NNG,AGCACGATGTTCATCNNCTCCTCGATGACAT
LASV_GP_Josiah_reopt_RevPool,LASV_GP_Josiah_reopt-rev-mut19,NNG,TGAGCACGATGTTCNNCACCTCCTCGAT
LASV_GP_Josiah_reopt_RevPool,LASV_GP_Josiah_reopt-rev-mut20,NNG,CGATGAGCACGATCNNCATCACCTCCTC
LASV_GP_Josiah_reopt_RevPool,LASV_GP_Josiah_reopt-rev-mut21,NNG,AAGCGATGAGCACCNNGTTCATCACCTC
LASV_GP_Josiah_reopt_RevPool,LASV_GP_Josiah_reopt-rev-mut22,NNG,GCTTAAAGCGATGAGCNNGATGTTCATCACCT
LASV_GP_Josiah_reopt_RevPool,LASV_GP_Josiah_reopt-rev-mut23,NNG,ACGCTTAAAGCGATCNNCACGATGTTCATCA
LASV_GP_Josiah_reopt_RevPool,LASV_GP_Josiah_reopt-rev-mut24,NNG,CACGCTTAAAGCCNNGAGCACGATGTT
LASV_GP_Josiah_reopt_RevPool,LASV_GP_Josiah_reopt-rev-mut25,NNG,GAGCACGCTTAACNNGATGAGCACGAT
LASV_GP_Josiah_reopt_RevPool,LASV_GP_Josiah_reopt-rev-mut26,NNG,GCGAGCACGCTCNNAGCGATGAGCA
LASV_GP_Josiah_reopt_RevPool,LASV_GP_Josiah_reopt-rev-mut27,NNG,AACGGCGAGCACCNNTAAAGCGATGA
LASV_GP_Josiah_reopt_RevPool,LASV_GP_Josiah_reopt-rev-mut28,NNG,TAAGAACGGCGAGCNNGCTTAAAGCGAT
LASV_GP_Josiah_reopt_RevPool,LASV_GP_Josiah_reopt-rev-mut29,NNG,CTTTAAGAACGGCCNNCACGCTTAAAGCG
LASV_GP_Josiah_reopt_RevPool,LASV_GP_Josiah_reopt-rev-mut30,NNG,TATAAACCTTTAAGAACCNNGAGCACGCTTAAAGCG
LASV_GP_Josiah_reopt_RevPool,LASV_GP_Josiah_reopt-rev-mut31,NNG,GTATAAACCTTTAAGCNNGGCGAGCACGCTTA
LASV_GP_Josiah_reopt_RevPool,LASV_GP_Josiah_reopt-rev-mut32,NNG,TTGTATAAACCTTTCNNAACGGCGAGCACG
LASV_GP_Josiah_reopt_RevPool,LASV_GP_Josiah_reopt-rev-mut33,NNG,GAAGTTGTATAAACCCNNAAGAACGGCGAGCA
LASV_GP_Josiah_reopt_RevPool,LASV_GP_Josiah_reopt-rev-mut34,NNG,TGGCGAAGTTGTATAACNNTTTAAGAACGGCGAG
LASV_GP_Josiah_reopt_RevPool,LASV_GP_Josiah_reopt-rev-mut35,NNG,AGTGGCGAAGTTGTACNNACCTTTAAGAACGG
LASV_GP_Josiah_reopt_RevPool,LASV_GP_Josiah_reopt-rev-mut36,NNG,CACAAGTGGCGAAGTTCNNTAAACCTTTAAGAACG
LASV_GP_Josiah_reopt_RevPool,LASV_GP_Josiah_reopt-rev-mut37,NNG,AAACCACAAGTGGCGAACNNGTATAAACCTTTAAGAA
LASV_GP_Josiah_reopt_RevPool,LASV_GP_Josiah_reopt-rev-mut38,NNG,CACTAAACCACAAGTGGCCNNGTTGTATAAACCTTTAA
LASV_GP_Josiah_reopt_RevPool,LASV_GP_Josiah_reopt-rev-mut39,NNG,TCCCACTAAACCACAAGTCNNGAAGTTGTATAAACCTT
LASV_GP_Josiah_reopt_RevPool,LASV_GP_Josiah_reopt-rev-mut40,NNG,TCCCACTAAACCACACNNGGCGAAGTTGTATA
LASV_GP_Josiah_reopt_RevPool,LASV_GP_Josiah_reopt-rev-mut41,NNG,GTCCCACTAAACCCNNAGTGGCGAAGTT
LASV_GP_Josiah_reopt_RevPool,LASV_GP_Josiah_reopt-rev-mut42,NNG,CCAGTCCCACTAACNNACAAGTGGCGAAG
LASV_GP_Josiah_reopt_RevPool,LASV_GP_Josiah_reopt-rev-mut43,NNG,GACCAGTCCCACCNNACCACAAGTGG
LASV_GP_Josiah_reopt_RevPool,LASV_GP_Josiah_reopt-rev-mut44,NNG,AAGGTGACCAGTCCCNNTAAACCACAAGTG
LASV_GP_Josiah_reopt_RevPool,LASV_GP_Josiah_reopt-rev-mut45,NNG,CAGAAAGGTGACCAGCNNCACTAAACCACAAG
LASV_GP_Josiah_reopt_RevPool,LASV_GP_Josiah_reopt-rev-mut46,NNG,AGCAGAAAGGTGACCNNTCCCACTAAACCA
LASV_GP_Josiah_reopt_RevPool,LASV_GP_Josiah_reopt-rev-mut47,NNG,AGCAGCAGAAAGGTCNNCAGTCCCACTAAA
LASV_GP_Josiah_reopt_RevPool,LASV_GP_Josiah_reopt-rev-mut48,NNG,CAGCAGCAGAAACNNGACCAGTCCCA
LASV_GP_Josiah_reopt_RevPool,LASV_GP_Josiah_reopt-rev-mut49,NNG,CACAGCAGCAGCNNGGTGACCAGTC
LASV_GP_Josiah_reopt_RevPool,LASV_GP_Josiah_reopt-rev-mut50,NNG,ACCACACAGCAGCNNAAAGGTGACCA
LASV_GP_Josiah_reopt_RevPool,LASV_GP_Josiah_reopt-rev-mut51,NNG,TACGACCACACAGCNNCAGAAAGGTGAC
LASV_GP_Josiah_reopt_RevPool,LASV_GP_Josiah_reopt-rev-mut52,NNG,GCTACGACCACACNNCAGCAGAAAGGT
LASV_GP_Josiah_reopt_RevPool,LASV_GP_Josiah_reopt-rev-mut53,NNG,CAGCTACGACCCNNCAGCAGCAGAA
LASV_GP_Josiah_reopt_RevPool,LASV_GP_Josiah_reopt-rev-mut54,NNG,GTGCAGCTACGCNNACACAGCAGCA
LASV_GP_Josiah_reopt_RevPool,LASV_GP_Josiah_reopt-rev-mut55,NNG,GTTGTGCAGCTCNNACCACACAGCA
LASV_GP_Josiah_reopt_RevPool,LASV_GP_Josiah_reopt-rev-mut56,NNG,AAGAGGTTGTGCACNNACGACCACACAG
LASV_GP_Josiah_reopt_RevPool,LASV_GP_Josiah_reopt-rev-mut57,NNG,GTATAAAGAGGTTGTCNNGCTACGACCACACAG
LASV_GP_Josiah_reopt_RevPool,LASV_GP_Josiah_reopt-rev-mut58,NNG,CTTGTATAAAGAGGTCNNGCAGCTACGACCAC
LASV_GP_Josiah_reopt_RevPool,LASV_GP_Josiah_reopt-rev-mut59,NNG,GCCCTTGTATAAAGACNNTGTGCAGCTACGAC
LASV_GP_Josiah_reopt_RevPool,LASV_GP_Josiah_reopt-rev-mut60,NNG,CGCCCTTGTATAACNNGGTTGTGCAGCTA
LASV_GP_Josiah_reopt_RevPool,LASV_GP_Josiah_reopt-rev-mut61,NNG,CACGCCCTTGTACNNAGAGGTTGTGCA
LASV_GP_Josiah_reopt_RevPool,LASV_GP_Josiah_reopt-rev-mut62,NNG,CTCATACACGCCCTTCNNTAAAGAGGTTGTGC
LASV_GP_Josiah_reopt_RevPool,LASV_GP_Josiah_reopt-rev-mut63,NNG,GAGCTCATACACGCCCNNGTATAAAGAGGTTG
LASV_GP_Josiah_reopt_RevPool,LASV_GP_Josiah_reopt-rev-mut64,NNG,GTCTGGAGCTCATACACCNNCTTGTATAAAGAGGTTG
LASV_GP_Josiah_reopt_RevPool,LASV_GP_Josiah_reopt-rev-mut65,NNG,AAAGTCTGGAGCTCATACNNGCCCTTGTATAAAGAG
LASV_GP_Josiah_reopt_RevPool,LASV_GP_Josiah_reopt-rev-mut66,NNG,GTCTGGAGCTCCNNCACGCCCTTGT
LASV_GP_Josiah_reopt_RevPool,LASV_GP_Josiah_reopt-rev-mut67,NNG,CTCTAAAGTCTGGAGCNNATACACGCCCTTGTA
LASV_GP_Josiah_reopt_RevPool,LASV_GP_Josiah_reopt-rev-mut68,NNG,GCTCTAAAGTCTGCNNCTCATACACGCCC
LASV_GP_Josiah_reopt_RevPool,LASV_GP_Josiah_reopt-rev-mut69,NNG,GTTCAGCTCTAAAGTCNNGAGCTCATACACGC
LASV_GP_Josiah_reopt_RevPool,LASV_GP_Josiah_reopt-rev-mut70,NNG,CATGTTCAGCTCTAACNNCTGGAGCTCATACAC
LASV_GP_Josiah_reopt_RevPool,LASV_GP_Josiah_reopt-rev-mut71,NNG,CCATGTTCAGCTCCNNAGTCTGGAGCTC
LASV_GP_Josiah_reopt_RevPool,LASV_GP_Josiah_reopt-rev-mut72,NNG,AAGTCTCCATGTTCAGCNNTAAAGTCTGGAGCTC
LASV_GP_Josiah_reopt_RevPool,LASV_GP_Josiah_reopt-rev-mut73,NNG,TTTAAAGTCTCCATGTTCNNCTCTAAAGTCTGGAGCT
LASV_GP_Josiah_reopt_RevPool,LASV_GP_Josiah_reopt-rev-mut74,NNG,ATGTTTAAAGTCTCCATCNNCAGCTCTAAAGTCTGGA
LASV_GP_Josiah_reopt_RevPool,LASV_GP_Josiah_reopt-rev-mut75,NNG,GGTCATGTTTAAAGTCTCCNNGTTCAGCTCTAAAGTCT
LASV_GP_Josiah_reopt_RevPool,LASV_GP_Josiah_reopt-rev-mut76,NNG,CATGGTCATGTTTAAAGTCNNCATGTTCAGCTCTAAAGT
LASV_GP_Josiah_reopt_RevPool,LASV_GP_Josiah_reopt-rev-mut77,NNG,CATGGTCATGTTTAACNNCTCCATGTTCAGCTC
LASV_GP_Josiah_reopt_RevPool,LASV_GP_Josiah_reopt-rev-mut78,NNG,GGCATGGTCATGTTCNNAGTCTCCATGTTCA
LASV_GP_Josiah_reopt_RevPool,LASV_GP_Josiah_reopt-rev-mut79,NNG,GCTTAAAGGCATGGTCATCNNTAAAGTCTCCATGTTCA
LASV_GP_Josiah_reopt_RevPool,LASV_GP_Josiah_reopt-rev-mut80,NNG,AGCTTAAAGGCATGGTCNNGTTTAAAGTCTCCATG
LASV_GP_Josiah_reopt_RevPool,LASV_GP_Josiah_reopt-rev-mut81,NNG,TGCAGCTTAAAGGCATCNNCATGTTTAAAGTCTCC
LASV_GP_Josiah_reopt_RevPool,LASV_GP_Josiah_reopt-rev-mut82,NNG,TTGTGCAGCTTAAAGGCNNGGTCATGTTTAAAGT
LASV_GP_Josiah_reopt_RevPool,LASV_GP_Josiah_reopt-rev-mut83,NNG,GTTCTTTGTGCAGCTTAACNNCATGGTCATGTTTAAAG
LASV_GP_Josiah_reopt_RevPool,LASV_GP_Josiah_reopt-rev-mut84,NNG,TCTTTGTGCAGCTCNNAGGCATGGTCAT
LASV_GP_Josiah_reopt_RevPool,LASV_GP_Josiah_reopt-rev-mut85,NNG,TGTTGTTCTTTGTGCACNNTAAAGGCATGGTCAT
LASV_GP_Josiah_reopt_RevPool,LASV_GP_Josiah_reopt-rev-mut86,NNG,GCTGTTGTTCTTTGTCNNGCTTAAAGGCATGG
LASV_GP_Josiah_reopt_RevPool,LASV_GP_Josiah_reopt-rev-mut87,NNG,GGCTGTTGTTCTTCNNGCAGCTTAAAGGC
LASV_GP_Josiah_reopt_RevPool,LASV_GP_Josiah_reopt-rev-mut88,NNG,TGGTGGCTGTTGTTCNNTGTGCAGCTTAAA
LASV_GP_Josiah_reopt_RevPool,LASV_GP_Josiah_reopt-rev-mut89,NNG,GTGGTGGCTGTTCNNCTTTGTGCAGC
LASV_GP_Josiah_reopt_RevPool,LASV_GP_Josiah_reopt-rev-mut90,NNG,ATGTAGTGGTGGCTCNNGTTCTTTGTGCAG
LASV_GP_Josiah_reopt_RevPool,LASV_GP_Josiah_reopt-rev-mut91,NNG,CATGATGTAGTGGTGCNNGTTGTTCTTTGTGC
LASV_GP_Josiah_reopt_RevPool,LASV_GP_Josiah_reopt-rev-mut92,NNG,CACCATGATGTAGTGCNNGCTGTTGTTCTTTG
LASV_GP_Josiah_reopt_RevPool,LASV_GP_Josiah_reopt-rev-mut93,NNG,CCACCATGATGTACNNGTGGCTGTTGTTC
LASV_GP_Josiah_reopt_RevPool,LASV_GP_Josiah_reopt-rev-mut94,NNG,CCCACCATGATCNNGTGGTGGCTGT
LASV_GP_Josiah_reopt_RevPool,LASV_GP_Josiah_reopt-rev-mut95,NNG,TTGCCCACCATCNNGTAGTGGTGGC
LASV_GP_Josiah_reopt_RevPool,LASV_GP_Josiah_reopt-rev-mut96,NNG,CTCGTTGCCCACCNNGATGTAGTGGTG
LASV_GP_Josiah_reopt_RevPool,LASV_GP_Josiah_reopt-rev-mut97,NNG,CGGTCTCGTTGCCCNNCATGATGTAGTG
LASV_GP_Josiah_reopt_RevPool,LASV_GP_Josiah_reopt-rev-mut98,NNG,AGTCCGGTCTCGTTCNNCACCATGATGTAG
LASV_GP_Josiah_reopt_RevPool,LASV_GP_Josiah_reopt-rev-mut99,NNG,AGTCCGGTCTCCNNGCCCACCATGA
LASV_GP_Josiah_reopt_RevPool,LASV_GP_Josiah_reopt-rev-mut100,NNG,TCGAGTCCGGTCNNGTTGCCCACCA
LASV_GP_Josiah_reopt_RevPool,LASV_GP_Josiah_reopt-rev-mut101,NNG,AGCTCGAGTCCCNNCTCGTTGCCCA
LASV_GP_Josiah_reopt_RevPool,LASV_GP_Josiah_reopt-rev-mut102,NNG,GTCAGCTCGAGCNNGGTCTCGTTGC
LASV_GP_Josiah_reopt_RevPool,LASV_GP_Josiah_reopt-rev-mut103,NNG,AGGGTCAGCTCCNNTCCGGTCTCGT
LASV_GP_Josiah_reopt_RevPool,LASV_GP_Josiah_reopt-rev-mut104,NNG,GTGAGGGTCAGCNNGAGTCCGGTCT
LASV_GP_Josiah_reopt_RevPool,LASV_GP_Josiah_reopt-rev-mut105,NNG,TTGGTGAGGGTCNNCTCGAGTCCGG
LASV_GP_Josiah_reopt_RevPool,LASV_GP_Josiah_reopt-rev-mut106,NNG,GGTATTGGTGAGCNNCAGCTCGAGTCC
LASV_GP_Josiah_reopt_RevPool,LASV_GP_Josiah_reopt-rev-mut107,NNG,GCTGGTATTGGTCNNGGTCAGCTCGAG
LASV_GP_Josiah_reopt_RevPool,LASV_GP_Josiah_reopt-rev-mut108,NNG,TAATAATGCTGGTATTCNNGAGGGTCAGCTCGAG
LASV_GP_Josiah_reopt_RevPool,LASV_GP_Josiah_reopt-rev-mut109,NNG,ATTAATAATGCTGGTCNNGGTGAGGGTCAGCT
LASV_GP_Josiah_reopt_RevPool,LASV_GP_Josiah_reopt-rev-mut110,NNG,TTGTGATTAATAATGCTCNNATTGGTGAGGGTCAGCT
LASV_GP_Josiah_reopt_RevPool,LASV_GP_Josiah_reopt-rev-mut111,NNG,GAACTTGTGATTAATAATCNNGGTATTGGTGAGGGTCAG
LASV_GP_Josiah_reopt_RevPool,LASV_GP_Josiah_reopt-rev-mut112,NNG,CAGAACTTGTGATTAATCNNGCTGGTATTGGTGAGG
LASV_GP_Josiah_reopt_RevPool,LASV_GP_Josiah_reopt-rev-mut113,NNG,TGCAGAACTTGTGATTCNNAATGCTGGTATTGGTG
LASV_GP_Josiah_reopt_RevPool,LASV_GP_Josiah_reopt-rev-mut114,NNG,AAATTGCAGAACTTGTGCNNAATAATGCTGGTATTGG
LASV_GP_Josiah_reopt_RevPool,LASV_GP_Josiah_reopt-rev-mut115,NNG,TCGCTTAAATTGCAGAACTTCNNATTAATAATGCTGGTATTGG
LASV_GP_Josiah_reopt_RevPool,LASV_GP_Josiah_reopt-rev-mut116,NNG,GTCGCTTAAATTGCAGAACNNGTGATTAATAATGCTGG
LASV_GP_Josiah_reopt_RevPool,LASV_GP_Josiah_reopt-rev-mut117,NNG,GCGTCGCTTAAATTGCACNNCTTGTGATTAATAATGC
LASV_GP_Josiah_reopt_RevPool,LASV_GP_Josiah_reopt-rev-mut118,NNG,TGGGCGTCGCTTAAATTCNNGAACTTGTGATTAATAA
LASV_GP_Josiah_reopt_RevPool,LASV_GP_Josiah_reopt-rev-mut119,NNG,GGCGTCGCTTAACNNGCAGAACTTGTG
LASV_GP_Josiah_reopt_RevPool,LASV_GP_Josiah_reopt-rev-mut120,NNG,TGGGCGTCGCTCNNATTGCAGAACT
LASV_GP_Josiah_reopt_RevPool,LASV_GP_Josiah_reopt-rev-mut121,NNG,CTTCTTGTGGGCGTCCNNTAAATTGCAGAACTT
LASV_GP_Josiah_reopt_RevPool,LASV_GP_Josiah_reopt-rev-mut122,NNG,ATTCTTCTTGTGGGCCNNGCTTAAATTGCAGAA
LASV_GP_Josiah_reopt_RevPool,LASV_GP_Josiah_reopt-rev-mut123,NNG,TAGAGATTCTTCTTGTGCNNGTCGCTTAAATTGCAG
LASV_GP_Josiah_reopt_RevPool,LASV_GP_Josiah_reopt-rev-mut124,NNG,CGTAGAGATTCTTCTTCNNGGCGTCGCTTAAATTG
LASV_GP_Josiah_reopt_RevPool,LASV_GP_Josiah_reopt-rev-mut125,NNG,GTAGAGATTCTTCNNGTGGGCGTCGCT
LASV_GP_Josiah_reopt_RevPool,LASV_GP_Josiah_reopt-rev-mut126,NNG,GATCGTAGAGATTCNNCTTGTGGGCGTCG
LASV_GP_Josiah_reopt_RevPool,LASV_GP_Josiah_reopt-rev-mut127,NNG,CGTGATCGTAGAGCNNCTTCTTGTGGGC
LASV_GP_Josiah_reopt_RevPool,LASV_GP_Josiah_reopt-rev-mut128,NNG,AGGGCGTGATCGTACNNATTCTTCTTGTGG
LASV_GP_Josiah_reopt_RevPool,LASV_GP_Josiah_reopt-rev-mut129,NNG,ATGAGGGCGTGATCCNNGAGATTCTTCTTGT
LASV_GP_Josiah_reopt_RevPool,LASV_GP_Josiah_reopt-rev-mut130,NNG,GACATGAGGGCGTGCNNGTAGAGATTCTTC
LASV_GP_Josiah_reopt_RevPool,LASV_GP_Josiah_reopt-rev-mut131,NNG,GATGGACATGAGGGCCNNATCGTAGAGATTCTT
LASV_GP_Josiah_reopt_RevPool,LASV_GP_Josiah_reopt-rev-mut132,NNG,CTAATGATGGACATGAGCNNGTGATCGTAGAGATTCT
LASV_GP_Josiah_reopt_RevPool,LASV_GP_Josiah_reopt-rev-mut133,NNG,CTAATGATGGACATCNNGGCGTGATCGTAGA
LASV_GP_Josiah_reopt_RevPool,LASV_GP_Josiah_reopt-rev-mut134,NNG,TGCTAATGATGGACNNGAGGGCGTGATC
LASV_GP_Josiah_reopt_RevPool,LASV_GP_Josiah_reopt-rev-mut135,NNG,AGGTGCTAATGATCNNCATGAGGGCGTGA
LASV_GP_Josiah_reopt_RevPool,LASV_GP_Josiah_reopt-rev-mut136,NNG,GGAAGGTGCTAATCNNGGACATGAGGGC
LASV_GP_Josiah_reopt_RevPool,LASV_GP_Josiah_reopt-rev-mut137,NNG,AAATGGAAGGTGCTCNNGATGGACATGAGG
LASV_GP_Josiah_reopt_RevPool,LASV_GP_Josiah_reopt-rev-mut138,NNG,ATGCTTAAATGGAAGGTCNNAATGATGGACATGAGG
LASV_GP_Josiah_reopt_RevPool,LASV_GP_Josiah_reopt-rev-mut139,NNG,GGGATGCTTAAATGGAACNNGCTAATGATGGACATG
LASV_GP_Josiah_reopt_RevPool,LASV_GP_Josiah_reopt-rev-mut140,NNG,AGGGATGCTTAAATGCNNGGTGCTAATGATGG
LASV_GP_Josiah_reopt_RevPool,LASV_GP_Josiah_reopt-rev-mut141,NNG,AAGTTAGGGATGCTTAACNNGAAGGTGCTAATGATG
LASV_GP_Josiah_reopt_RevPool,LASV_GP_Josiah_reopt-rev-mut142,NNG,TGAAGTTAGGGATGCTCNNATGGAAGGTGCTAAT
LASV_GP_Josiah_reopt_RevPool,LASV_GP_Josiah_reopt-rev-mut143,NNG,TGGTTGAAGTTAGGGATCNNTAAATGGAAGGTGCTAA
LASV_GP_Josiah_reopt_RevPool,LASV_GP_Josiah_reopt-rev-mut144,NNG,CTGGTTGAAGTTAGGCNNGCTTAAATGGAAGGT
LASV_GP_Josiah_reopt_RevPool,LASV_GP_Josiah_reopt-rev-mut145,NNG,TCATACTGGTTGAAGTTCNNGATGCTTAAATGGAAGG
LASV_GP_Josiah_reopt_RevPool,LASV_GP_Josiah_reopt-rev-mut146,NNG,GCTTCATACTGGTTGAACNNAGGGATGCTTAAATGG
LASV_GP_Josiah_reopt_RevPool,LASV_GP_Josiah_reopt-rev-mut147,NNG,ATGGCTTCATACTGGTTCNNGTTAGGGATGCTTAAAT
LASV_GP_Josiah_reopt_RevPool,LASV_GP_Josiah_reopt-rev-mut148,NNG,CATGGCTTCATACTGCNNGAAGTTAGGGATGC
LASV_GP_Josiah_reopt_RevPool,LASV_GP_Josiah_reopt-rev-mut149,NNG,AGCTCATGGCTTCATACNNGTTGAAGTTAGGGAT
LASV_GP_Josiah_reopt_RevPool,LASV_GP_Josiah_reopt-rev-mut150,NNG,CAGCTCATGGCTTCCNNCTGGTTGAAGTTAG
LASV_GP_Josiah_reopt_RevPool,LASV_GP_Josiah_reopt-rev-mut151,NNG,CGCAGCTCATGGCCNNATACTGGTTGAA
LASV_GP_Josiah_reopt_RevPool,LASV_GP_Josiah_reopt-rev-mut152,NNG,TTAAAGTCGCAGCTCATCNNTTCATACTGGTTGAAGT
LASV_GP_Josiah_reopt_RevPool,LASV_GP_Josiah_reopt-rev-mut153,NNG,TTAAAGTCGCAGCTCNNGGCTTCATACTGG
LASV_GP_Josiah_reopt_RevPool,LASV_GP_Josiah_reopt-rev-mut154,NNG,CCGTTAAAGTCGCACNNCATGGCTTCATACT
LASV_GP_Josiah_reopt_RevPool,LASV_GP_Josiah_reopt-rev-mut155,NNG,GCCGTTAAAGTCCNNGCTCATGGCTTC
LASV_GP_Josiah_reopt_RevPool,LASV_GP_Josiah_reopt-rev-mut156,NNG,CCGCCGTTAAACNNGCAGCTCATGG
LASV_GP_Josiah_reopt_RevPool,LASV_GP_Josiah_reopt-rev-mut157,NNG,TTGCCGCCGTTCNNGTCGCAGCTCA
LASV_GP_Josiah_reopt_RevPool,LASV_GP_Josiah_reopt-rev-mut158,NNG,ATCTTGCCGCCCNNAAAGTCGCAGC
LASV_GP_Josiah_reopt_RevPool,LASV_GP_Josiah_reopt-rev-mut159,NNG,CGGAAATCTTGCCCNNGTTAAAGTCGCAG
LASV_GP_Josiah_reopt_RevPool,LASV_GP_Josiah_reopt-rev-mut160,NNG,GCACGGAAATCTTCNNGCCGTTAAAGTCG
LASV_GP_Josiah_reopt_RevPool,LASV_GP_Josiah_reopt-rev-mut161,NNG,TGCACGGAAATCNNGCCGCCGTTAA
LASV_GP_Josiah_reopt_RevPool,LASV_GP_Josiah_reopt-rev-mut162,NNG,TACTGCACGGACNNCTTGCCGCCGT
LASV_GP_Josiah_reopt_RevPool,LASV_GP_Josiah_reopt-rev-mut163,NNG,GTTGTACTGCACCNNAATCTTGCCGCC
LASV_GP_Josiah_reopt_RevPool,LASV_GP_Josiah_reopt-rev-mut164,NNG,AGAGGTTGTACTGCNNGGAAATCTTGCCG
LASV_GP_Josiah_reopt_RevPool,LASV_GP_Josiah_reopt-rev-mut165,NNG,TGGGAGAGGTTGTACNNCACGGAAATCTTG
LASV_GP_Josiah_reopt_RevPool,LASV_GP_Josiah_reopt-rev-mut166,NNG,GTGGGAGAGGTTCNNCTGCACGGAAAT
LASV_GP_Josiah_reopt_RevPool,LASV_GP_Josiah_reopt-rev-mut167,NNG,CTGTGGGAGAGCNNGTACTGCACGG
LASV_GP_Josiah_reopt_RevPool,LASV_GP_Josiah_reopt-rev-mut168,NNG,CATAGCTGTGGGACNNGTTGTACTGCAC
LASV_GP_Josiah_reopt_RevPool,LASV_GP_Josiah_reopt-rev-mut169,NNG,GGCATAGCTGTGCNNGAGGTTGTACTG
LASV_GP_Josiah_reopt_RevPool,LASV_GP_Josiah_reopt-rev-mut170,NNG,CTCCGGCATAGCTCNNGGAGAGGTTGTA
LASV_GP_Josiah_reopt_RevPool,LASV_GP_Josiah_reopt-rev-mut171,NNG,TCTCCGGCATACNNGTGGGAGAGGT
LASV_GP_Josiah_reopt_RevPool,LASV_GP_Josiah_reopt-rev-mut172,NNG,GCGTCTCCGGCCNNGCTGTGGGAGA
LASV_GP_Josiah_reopt_RevPool,LASV_GP_Josiah_reopt-rev-mut173,NNG,GCGGCGTCTCCCNNATAGCTGTGGG
LASV_GP_Josiah_reopt_RevPool,LASV_GP_Josiah_reopt-rev-mut174,NNG,TTGGCGGCGTCCNNGGCATAGCTGT
LASV_GP_Josiah_reopt_RevPool,LASV_GP_Josiah_reopt-rev-mut175,NNG,TGATTGGCGGCCNNTCCGGCATAGC
LASV_GP_Josiah_reopt_RevPool,LASV_GP_Josiah_reopt-rev-mut176,NNG,CACAATGATTGGCCNNGTCTCCGGCATA
LASV_GP_Josiah_reopt_RevPool,LASV_GP_Josiah_reopt-rev-mut177,NNG,TCCACAATGATTCNNGGCGTCTCCGG
LASV_GP_Josiah_reopt_RevPool,LASV_GP_Josiah_reopt-rev-mut178,NNG,GTTCCACAATGCNNGGCGGCGTCTC
LASV_GP_Josiah_reopt_RevPool,LASV_GP_Josiah_reopt-rev-mut179,NNG,ACGGTTCCACACNNATTGGCGGCGT
LASV_GP_Josiah_reopt_RevPool,LASV_GP_Josiah_reopt-rev-mut180,NNG,GCCACGGTTCCCNNATGATTGGCGG
LASV_GP_Josiah_reopt_RevPool,LASV_GP_Josiah_reopt-rev-mut181,NNG,GTTGGCCACGGTCNNACAATGATTGGC
LASV_GP_Josiah_reopt_RevPool,LASV_GP_Josiah_reopt-rev-mut182,NNG,CTCCGTTGGCCACCNNTCCACAATGATT
LASV_GP_Josiah_reopt_RevPool,LASV_GP_Josiah_reopt-rev-mut183,NNG,AACTCCGTTGGCCNNGGTTCCACAAT
LASV_GP_Josiah_reopt_RevPool,LASV_GP_Josiah_reopt-rev-mut184,NNG,GAAGAACTCCGTTCNNCACGGTTCCACAA
LASV_GP_Josiah_reopt_RevPool,LASV_GP_Josiah_reopt-rev-mut185,NNG,TGAAGAACTCCCNNGGCCACGGTTC
LASV_GP_Josiah_reopt_RevPool,LASV_GP_Josiah_reopt-rev-mut186,NNG,TGTCTGAAGAACCNNGTTGGCCACGG
LASV_GP_Josiah_reopt_RevPool,LASV_GP_Josiah_reopt-rev-mut187,NNG,ATAAATGTCTGAAGCNNTCCGTTGGCCACG
LASV_GP_Josiah_reopt_RevPool,LASV_GP_Josiah_reopt-rev-mut188,NNG,CTCATAAATGTCTGCNNAACTCCGTTGGCCA
LASV_GP_Josiah_reopt_RevPool,LASV_GP_Josiah_reopt-rev-mut189,NNG,CCATCCTCATAAATGTCNNAAGAACTCCGTTGGC
LASV_GP_Josiah_reopt_RevPool,LASV_GP_Josiah_reopt-rev-mut190,NNG,AAGCCATCCTCATAAACNNCTGAAGAACTCCGTT
LASV_GP_Josiah_reopt_RevPool,LASV_GP_Josiah_reopt-rev-mut191,NNG,CCAAGCCATCCTCATCNNTGTCTGAAGAACTC
LASV_GP_Josiah_reopt_RevPool,LASV_GP_Josiah_reopt-rev-mut192,NNG,CCCCAAGCCATCCTCNNAAATGTCTGAAGAA
LASV_GP_Josiah_reopt_RevPool,LASV_GP_Josiah_reopt-rev-mut193,NNG,CGCCCCAAGCCATCNNCATAAATGTCTGA
LASV_GP_Josiah_reopt_RevPool,LASV_GP_Josiah_reopt-rev-mut194,NNG,CCGCCCCAAGCCNNCCTCATAAATG
LASV_GP_Josiah_reopt_RevPool,LASV_GP_Josiah_reopt-rev-mut195,NNG,GAGCCGCCCCACNNCATCCTCATAA
LASV_GP_Josiah_reopt_RevPool,LASV_GP_Josiah_reopt-rev-mut196,NNG,TAGGAGCCGCCCNNAGCCATCCTCA
LASV_GP_Josiah_reopt_RevPool,LASV_GP_Josiah_reopt-rev-mut197,NNG,CGATATAGGAGCCCNNCCAAGCCATCCT
LASV_GP_Josiah_reopt_RevPool,LASV_GP_Josiah_reopt-rev-mut198,NNG,GCGATATAGGACNNGCCCCAAGCCA
LASV_GP_Josiah_reopt_RevPool,LASV_GP_Josiah_reopt-rev-mut199,NNG,AGAGCGATATACNNGCCGCCCCAAG
LASV_GP_Josiah_reopt_RevPool,LASV_GP_Josiah_reopt-rev-mut200,NNG,TCCAGAGCGATCNNGGAGCCGCCCC
LASV_GP_Josiah_reopt_RevPool,LASV_GP_Josiah_reopt-rev-mut201,NNG,GAGTCCAGAGCCNNATAGGAGCCGC
LASV_GP_Josiah_reopt_RevPool,LASV_GP_Josiah_reopt-rev-mut202,NNG,GCCGGAGTCCAGCNNGATATAGGAGC
LASV_GP_Josiah_reopt_RevPool,LASV_GP_Josiah_reopt-rev-mut203,NNG,CTCTGCCGGAGTCCNNAGCGATATAGGAG
LASV_GP_Josiah_reopt_RevPool,LASV_GP_Josiah_reopt-rev-mut204,NNG,TTACCTCTGCCGGACNNCAGAGCGATATAG
LASV_GP_Josiah_reopt_RevPool,LASV_GP_Josiah_reopt-rev-mut205,NNG,TTACCTCTGCCCNNGTCCAGAGCGA
LASV_GP_Josiah_reopt_RevPool,LASV_GP_Josiah_reopt-rev-mut206,NNG,CCCAGTTACCTCTCNNGGAGTCCAGAGC
LASV_GP_Josiah_reopt_RevPool,LASV_GP_Josiah_reopt-rev-mut207,NNG,TCCCAGTTACCCNNGCCGGAGTCCA
LASV_GP_Josiah_reopt_RevPool,LASV_GP_Josiah_reopt-rev-mut208,NNG,CAGTCCCAGTTCNNTCTGCCGGAGT
LASV_GP_Josiah_reopt_RevPool,LASV_GP_Josiah_reopt-rev-mut209,NNG,ATGCAGTCCCACNNACCTCTGCCGG
LASV_GP_Josiah_reopt_RevPool,LASV_GP_Josiah_reopt-rev-mut210,NNG,TCATGATGCAGTCCNNGTTACCTCTGCC
LASV_GP_Josiah_reopt_RevPool,LASV_GP_Josiah_reopt-rev-mut211,NNG,CTGGTCATGATGCACNNCCAGTTACCTCTG
LASV_GP_Josiah_reopt_RevPool,LASV_GP_Josiah_reopt-rev-mut212,NNG,TAGCTGGTCATGATCNNGTCCCAGTTACCTC
LASV_GP_Josiah_reopt_RevPool,LASV_GP_Josiah_reopt-rev-mut213,NNG,GTAGCTGGTCATCNNGCAGTCCCAGTT
LASV_GP_Josiah_reopt_RevPool,LASV_GP_Josiah_reopt-rev-mut214,NNG,TTGGTAGCTGGTCNNGATGCAGTCCC
LASV_GP_Josiah_reopt_RevPool,LASV_GP_Josiah_reopt-rev-mut215,NNG,ATTAAATATTGGTAGCTCNNCATGATGCAGTCCCAGT
LASV_GP_Josiah_reopt_RevPool,LASV_GP_Josiah_reopt-rev-mut216,NNG,GATGATTAAATATTGGTACNNGGTCATGATGCAGTCCC
LASV_GP_Josiah_reopt_RevPool,LASV_GP_Josiah_reopt-rev-mut217,NNG,TGGATGATTAAATATTGCNNGCTGGTCATGATGCAG
LASV_GP_Josiah_reopt_RevPool,LASV_GP_Josiah_reopt-rev-mut218,NNG,GTTCTGGATGATTAAATACNNGTAGCTGGTCATGATGC
LASV_GP_Josiah_reopt_RevPool,LASV_GP_Josiah_reopt-rev-mut219,NNG,GTGTTCTGGATGATTAACNNTTGGTAGCTGGTCATGA
LASV_GP_Josiah_reopt_RevPool,LASV_GP_Josiah_reopt-rev-mut220,NNG,TGGTGTTCTGGATGATCNNATATTGGTAGCTGGTC
LASV_GP_Josiah_reopt_RevPool,LASV_GP_Josiah_reopt-rev-mut221,NNG,CCAAGTGGTGTTCTGGATCNNTAAATATTGGTAGCTGG
LASV_GP_Josiah_reopt_RevPool,LASV_GP_Josiah_reopt-rev-mut222,NNG,TCCCAAGTGGTGTTCTGCNNGATTAAATATTGGTAG
LASV_GP_Josiah_reopt_RevPool,LASV_GP_Josiah_reopt-rev-mut223,NNG,TCCTCCCAAGTGGTGTTCNNGATGATTAAATATTGGT
LASV_GP_Josiah_reopt_RevPool,LASV_GP_Josiah_reopt-rev-mut224,NNG,GGTCCTCCCAAGTGGTCNNCTGGATGATTAAATAT
LASV_GP_Josiah_reopt_RevPool,LASV_GP_Josiah_reopt-rev-mut225,NNG,GTGGTCCTCCCAAGTCNNGTTCTGGATGATTAA
LASV_GP_Josiah_reopt_RevPool,LASV_GP_Josiah_reopt-rev-mut226,NNG,TGGTCCTCCCACNNGGTGTTCTGGA
LASV_GP_Josiah_reopt_RevPool,LASV_GP_Josiah_reopt-rev-mut227,NNG,GCAGTGGTCCTCCNNAGTGGTGTTCTG
LASV_GP_Josiah_reopt_RevPool,LASV_GP_Josiah_reopt-rev-mut228,NNG,TGGCAGTGGTCCNNCCAAGTGGTGT
LASV_GP_Josiah_reopt_RevPool,LASV_GP_Josiah_reopt-rev-mut229,NNG,AACTGGCAGTGCNNCTCCCAAGTGG
LASV_GP_Josiah_reopt_RevPool,LASV_GP_Josiah_reopt-rev-mut230,NNG,AGAGAACTGGCACNNGTCCTCCCAAGT
LASV_GP_Josiah_reopt_RevPool,LASV_GP_Josiah_reopt-rev-mut231,NNG,CGAGAGAACTGCNNGTGGTCCTCCC
LASV_GP_Josiah_reopt_RevPool,LASV_GP_Josiah_reopt-rev-mut232,NNG,AGGACGAGAGAACNNGCAGTGGTCCT
LASV_GP_Josiah_reopt_RevPool,LASV_GP_Josiah_reopt-rev-mut233,NNG,AGAAGGACGAGACNNCTGGCAGTGGT
LASV_GP_Josiah_reopt_RevPool,LASV_GP_Josiah_reopt-rev-mut234,NNG,GGAGAAGGACGCNNGAACTGGCAGT
LASV_GP_Josiah_reopt_RevPool,LASV_GP_Josiah_reopt-rev-mut235,NNG,CGATAGGAGAAGGCNNAGAGAACTGGCAG
LASV_GP_Josiah_reopt_RevPool,LASV_GP_Josiah_reopt-rev-mut236,NNG,GTATCCGATAGGAGACNNACGAGAGAACTGGC
LASV_GP_Josiah_reopt_RevPool,LASV_GP_Josiah_reopt-rev-mut237,NNG,AGGTATCCGATAGGCNNAGGACGAGAGAACT
LASV_GP_Josiah_reopt_RevPool,LASV_GP_Josiah_reopt-rev-mut238,NNG,CCGAGGTATCCGATCNNAGAAGGACGAGAG
LASV_GP_Josiah_reopt_RevPool,LASV_GP_Josiah_reopt-rev-mut239,NNG,AACCGAGGTATCCCNNAGGAGAAGGACG
LASV_GP_Josiah_reopt_RevPool,LASV_GP_Josiah_reopt-rev-mut240,NNG,CAGTAAACCGAGGTACNNGATAGGAGAAGGACG
LASV_GP_Josiah_reopt_RevPool,LASV_GP_Josiah_reopt-rev-mut241,NNG,CTCAGTAAACCGAGCNNTCCGATAGGAGAAG
LASV_GP_Josiah_reopt_RevPool,LASV_GP_Josiah_reopt-rev-mut242,NNG,CTGGCTCAGTAAACCCNNGTATCCGATAGGAG
LASV_GP_Josiah_reopt_RevPool,LASV_GP_Josiah_reopt-rev-mut243,NNG,CCTCTGGCTCAGTAACNNGAGGTATCCGATAG
LASV_GP_Josiah_reopt_RevPool,LASV_GP_Josiah_reopt-rev-mut244,NNG,CCTCTGGCTCAGCNNACCGAGGTATC
LASV_GP_Josiah_reopt_RevPool,LASV_GP_Josiah_reopt-rev-mut245,NNG,CGAGTCCTCTGGCTCNNTAAACCGAGGTATC
LASV_GP_Josiah_reopt_RevPool,LASV_GP_Josiah_reopt-rev-mut246,NNG,CACGAGTCCTCTGCNNCAGTAAACCGAG
LASV_GP_Josiah_reopt_RevPool,LASV_GP_Josiah_reopt-rev-mut247,NNG,TGTCACGAGTCCTCNNGCTCAGTAAACC
LASV_GP_Josiah_reopt_RevPool,LASV_GP_Josiah_reopt-rev-mut248,NNG,TATAGATGTCACGAGTCNNCTGGCTCAGTAAACC
LASV_GP_Josiah_reopt_RevPool,LASV_GP_Josiah_reopt-rev-mut249,NNG,GATATAGATGTCACGCNNCCTCTGGCTCAGTAA
LASV_GP_Josiah_reopt_RevPool,LASV_GP_Josiah_reopt-rev-mut250,NNG,GAGAGATATAGATGTCCNNAGTCCTCTGGCTCAGT
LASV_GP_Josiah_reopt_RevPool,LASV_GP_Josiah_reopt-rev-mut251,NNG,CTACGAGAGATATAGATCNNACGAGTCCTCTGGCTC
LASV_GP_Josiah_reopt_RevPool,LASV_GP_Josiah_reopt-rev-mut252,NNG,CCTACGAGAGATATACNNGTCACGAGTCCTCTG
LASV_GP_Josiah_reopt_RevPool,LASV_GP_Josiah_reopt-rev-mut253,NNG,AGCCTACGAGAGATCNNGATGTCACGAGTC
LASV_GP_Josiah_reopt_RevPool,LASV_GP_Josiah_reopt-rev-mut254,NNG,AGCAGCCTACGAGACNNATAGATGTCACGAG
LASV_GP_Josiah_reopt_RevPool,LASV_GP_Josiah_reopt-rev-mut255,NNG,CCAGCAGCCTACGCNNGATATAGATGTCA
LASV_GP_Josiah_reopt_RevPool,LASV_GP_Josiah_reopt-rev-mut256,NNG,GTGCCCAGCAGCCTCNNAGAGATATAGATGT
LASV_GP_Josiah_reopt_RevPool,LASV_GP_Josiah_reopt-rev-mut257,NNG,AATGTGCCCAGCAGCNNACGAGAGATATAGA
LASV_GP_Josiah_reopt_RevPool,LASV_GP_Josiah_reopt-rev-mut258,NNG,GTGAATGTGCCCAGCNNCCTACGAGAGATAT
LASV_GP_Josiah_reopt_RevPool,LASV_GP_Josiah_reopt-rev-mut259,NNG,AGTGAATGTGCCCNNCAGCCTACGAGA
LASV_GP_Josiah_reopt_RevPool,LASV_GP_Josiah_reopt-rev-mut260,NNG,TCCAAGTGAATGTCNNCAGCAGCCTACG
LASV_GP_Josiah_reopt_RevPool,LASV_GP_Josiah_reopt-rev-mut261,NNG,GTCCAAGTGAACNNGCCCAGCAGCC
LASV_GP_Josiah_reopt_RevPool,LASV_GP_Josiah_reopt-rev-mut262,NNG,TTAAAGTCCAAGTCNNTGTGCCCAGCAGC
LASV_GP_Josiah_reopt_RevPool,LASV_GP_Josiah_reopt-rev-mut263,NNG,CGCTTAAAGTCCACNNGAATGTGCCCAG
LASV_GP_Josiah_reopt_RevPool,LASV_GP_Josiah_reopt-rev-mut264,NNG,GCTATCGCTTAAAGTCNNAGTGAATGTGCCCA
LASV_GP_Josiah_reopt_RevPool,LASV_GP_Josiah_reopt-rev-mut265,NNG,TCGCTATCGCTTAACNNCCAAGTGAATGTGC
LASV_GP_Josiah_reopt_RevPool,LASV_GP_Josiah_reopt-rev-mut266,NNG,CCTCGCTATCGCTCNNAGTCCAAGTGAAT
LASV_GP_Josiah_reopt_RevPool,LASV_GP_Josiah_reopt-rev-mut267,NNG,CTTGCCCTCGCTATCCNNTAAAGTCCAAGTGA
LASV_GP_Josiah_reopt_RevPool,LASV_GP_Josiah_reopt-rev-mut268,NNG,CTTGCCCTCGCTCNNGCTTAAAGTCCA
LASV_GP_Josiah_reopt_RevPool,LASV_GP_Josiah_reopt-rev-mut269,NNG,GTGTCCTTGCCCTCCNNATCGCTTAAAGTC
LASV_GP_Josiah_reopt_RevPool,LASV_GP_Josiah_reopt-rev-mut270,NNG,GAGTGTCCTTGCCCNNGCTATCGCTTAAA
LASV_GP_Josiah_reopt_RevPool,LASV_GP_Josiah_reopt-rev-mut271,NNG,GGGAGTGTCCTTCNNCTCGCTATCGC
LASV_GP_Josiah_reopt_RevPool,LASV_GP_Josiah_reopt-rev-mut272,NNG,CCGGGAGTGTCCNNGCCCTCGCTAT
LASV_GP_Josiah_reopt_RevPool,LASV_GP_Josiah_reopt-rev-mut273,NNG,CCACCGGGAGTCNNCTTGCCCTCGC
LASV_GP_Josiah_reopt_RevPool,LASV_GP_Josiah_reopt-rev-mut274,NNG,TAGCCACCGGGCNNGTCCTTGCCCT
LASV_GP_Josiah_reopt_RevPool,LASV_GP_Josiah_reopt-rev-mut275,NNG,CAGTAGCCACCCNNAGTGTCCTTGC
LASV_GP_Josiah_reopt_RevPool,LASV_GP_Josiah_reopt-rev-mut276,NNG,AGGCAGTAGCCCNNGGGAGTGTCCT
LASV_GP_Josiah_reopt_RevPool,LASV_GP_Josiah_reopt-rev-mut277,NNG,AGTGAGGCAGTACNNACCGGGAGTGT
LASV_GP_Josiah_reopt_RevPool,LASV_GP_Josiah_reopt-rev-mut278,NNG,CGAGTGAGGCACNNGCCACCGGGAG
LASV_GP_Josiah_reopt_RevPool,LASV_GP_Josiah_reopt-rev-mut279,NNG,CAACGAGTGAGCNNGTAGCCACCGG
LASV_GP_Josiah_reopt_RevPool,LASV_GP_Josiah_reopt-rev-mut280,NNG,CATCCAACGAGTCNNGCAGTAGCCAC
LASV_GP_Josiah_reopt_RevPool,LASV_GP_Josiah_reopt-rev-mut281,NNG,AGCATCCAACGCNNGAGGCAGTAGC
LASV_GP_Josiah_reopt_RevPool,LASV_GP_Josiah_reopt-rev-mut282,NNG,CGATCAGCATCCACNNAGTGAGGCAGTAG
LASV_GP_Josiah_reopt_RevPool,LASV_GP_Josiah_reopt-rev-mut283,NNG,CTTCGATCAGCATCNNACGAGTGAGGCAG
LASV_GP_Josiah_reopt_RevPool,LASV_GP_Josiah_reopt-rev-mut284,NNG,GGCTTCGATCAGCNNCCAACGAGTGA
LASV_GP_Josiah_reopt_RevPool,LASV_GP_Josiah_reopt-rev-mut285,NNG,CTCGGCTTCGATCNNCATCCAACGAGT
LASV_GP_Josiah_reopt_RevPool,LASV_GP_Josiah_reopt-rev-mut286,NNG,AGCTCGGCTTCCNNCAGCATCCAAC
LASV_GP_Josiah_reopt_RevPool,LASV_GP_Josiah_reopt-rev-mut287,NNG,TTGAGCTCGGCCNNGATCAGCATCC
LASV_GP_Josiah_reopt_RevPool,LASV_GP_Josiah_reopt-rev-mut288,NNG,AAGCACTTGAGCTCCNNTTCGATCAGCATC
LASV_GP_Josiah_reopt_RevPool,LASV_GP_Josiah_reopt-rev-mut289,NNG,GAAGCACTTGAGCNNGGCTTCGATCAG
LASV_GP_Josiah_reopt_RevPool,LASV_GP_Josiah_reopt-rev-mut290,NNG,CCGAAGCACTTCNNCTCGGCTTCGA
LASV_GP_Josiah_reopt_RevPool,LASV_GP_Josiah_reopt-rev-mut291,NNG,TTTCCGAAGCACNNGAGCTCGGCTT
LASV_GP_Josiah_reopt_RevPool,LASV_GP_Josiah_reopt-rev-mut292,NNG,GGTGTTTCCGAACNNCTTGAGCTCGG
LASV_GP_Josiah_reopt_RevPool,LASV_GP_Josiah_reopt-rev-mut293,NNG,GCGGTGTTTCCCNNGCACTTGAGCT
LASV_GP_Josiah_reopt_RevPool,LASV_GP_Josiah_reopt-rev-mut294,NNG,ACGGCGGTGTTCNNGAAGCACTTGA
LASV_GP_Josiah_reopt_RevPool,LASV_GP_Josiah_reopt-rev-mut295,NNG,GCCACGGCGGTCNNTCCGAAGCACT
LASV_GP_Josiah_reopt_RevPool,LASV_GP_Josiah_reopt-rev-mut296,NNG,TTAGCCACGGCCNNGTTTCCGAAGC
LASV_GP_Josiah_reopt_RevPool,LASV_GP_Josiah_reopt-rev-mut297,NNG,GCACTTAGCCACCNNGGTGTTTCCGA
LASV_GP_Josiah_reopt_RevPool,LASV_GP_Josiah_reopt-rev-mut298,NNG,GTTGCACTTAGCCNNGGCGGTGTTTC
LASV_GP_Josiah_reopt_RevPool,LASV_GP_Josiah_reopt-rev-mut299,NNG,TCGTTGCACTTCNNCACGGCGGTGT
LASV_GP_Josiah_reopt_RevPool,LASV_GP_Josiah_reopt-rev-mut300,NNG,TTCTCGTTGCACNNAGCCACGGCGG
LASV_GP_Josiah_reopt_RevPool,LASV_GP_Josiah_reopt-rev-mut301,NNG,GTGCTTCTCGTTCNNCTTAGCCACGG
LASV_GP_Josiah_reopt_RevPool,LASV_GP_Josiah_reopt-rev-mut302,NNG,ATCGTGCTTCTCCNNGCACTTAGCCAC
LASV_GP_Josiah_reopt_RevPool,LASV_GP_Josiah_reopt-rev-mut303,NNG,CCTCATCGTGCTTCNNGTTGCACTTAGC
LASV_GP_Josiah_reopt_RevPool,LASV_GP_Josiah_reopt-rev-mut304,NNG,CTCCTCATCGTGCNNCTCGTTGCACTT
LASV_GP_Josiah_reopt_RevPool,LASV_GP_Josiah_reopt-rev-mut305,NNG,CAGAACTCCTCATCCNNCTTCTCGTTGCAC
LASV_GP_Josiah_reopt_RevPool,LASV_GP_Josiah_reopt-rev-mut306,NNG,GCAGAACTCCTCCNNGTGCTTCTCGTT
LASV_GP_Josiah_reopt_RevPool,LASV_GP_Josiah_reopt-rev-mut307,NNG,TGTCGCAGAACTCCNNATCGTGCTTCTC
LASV_GP_Josiah_reopt_RevPool,LASV_GP_Josiah_reopt-rev-mut308,NNG,CATGTCGCAGAACNNCTCATCGTGCTT
LASV_GP_Josiah_reopt_RevPool,LASV_GP_Josiah_reopt-rev-mut309,NNG,CAGCATGTCGCACNNCTCCTCATCGT
LASV_GP_Josiah_reopt_RevPool,LASV_GP_Josiah_reopt-rev-mut310,NNG,GCCTCAGCATGTCCNNGAACTCCTCATC
LASV_GP_Josiah_reopt_RevPool,LASV_GP_Josiah_reopt-rev-mut311,NNG,CAGCCTCAGCATCNNGCAGAACTCCTC
LASV_GP_Josiah_reopt_RevPool,LASV_GP_Josiah_reopt-rev-mut312,NNG,AAACAGCCTCAGCNNGTCGCAGAACT
LASV_GP_Josiah_reopt_RevPool,LASV_GP_Josiah_reopt-rev-mut313,NNG,GAAATCAAACAGCCTCNNCATGTCGCAGAACT
LASV_GP_Josiah_reopt_RevPool,LASV_GP_Josiah_reopt-rev-mut314,NNG,TTGAAATCAAACAGCNNCAGCATGTCGCAG
LASV_GP_Josiah_reopt_RevPool,LASV_GP_Josiah_reopt-rev-mut315,NNG,CTTGTTGAAATCAAACNNCCTCAGCATGTCGC
LASV_GP_Josiah_reopt_RevPool,LASV_GP_Josiah_reopt-rev-mut316,NNG,GCTTGTTGAAATCCNNCAGCCTCAGCATG
LASV_GP_Josiah_reopt_RevPool,LASV_GP_Josiah_reopt-rev-mut317,NNG,CTTGCTTGTTGAACNNAAACAGCCTCAGC
LASV_GP_Josiah_reopt_RevPool,LASV_GP_Josiah_reopt-rev-mut318,NNG,GATAGCTTGCTTGTTCNNATCAAACAGCCTCAG
LASV_GP_Josiah_reopt_RevPool,LASV_GP_Josiah_reopt-rev-mut319,NNG,CTGGATAGCTTGCTTCNNGAAATCAAACAGCCT
LASV_GP_Josiah_reopt_RevPool,LASV_GP_Josiah_reopt-rev-mut320,NNG,CCTCTGGATAGCTTGCNNGTTGAAATCAAACAG
LASV_GP_Josiah_reopt_RevPool,LASV_GP_Josiah_reopt-rev-mut321,NNG,CAGCCTCTGGATAGCCNNCTTGTTGAAATCAAA
LASV_GP_Josiah_reopt_RevPool,LASV_GP_Josiah_reopt-rev-mut322,NNG,CTTTCAGCCTCTGGATCNNTTGCTTGTTGAAATCA
LASV_GP_Josiah_reopt_RevPool,LASV_GP_Josiah_reopt-rev-mut323,NNG,CTTTCAGCCTCTGCNNAGCTTGCTTGTTG
LASV_GP_Josiah_reopt_RevPool,LASV_GP_Josiah_reopt-rev-mut324,NNG,GGCTTTCAGCCTCNNGATAGCTTGCTT
LASV_GP_Josiah_reopt_RevPool,LASV_GP_Josiah_reopt-rev-mut325,NNG,CTTCGGCTTTCAGCNNCTGGATAGCTTG
LASV_GP_Josiah_reopt_RevPool,LASV_GP_Josiah_reopt-rev-mut326,NNG,GGCTTCGGCTTTCNNCCTCTGGATAGC
LASV_GP_Josiah_reopt_RevPool,LASV_GP_Josiah_reopt-rev-mut327,NNG,TGGGCTTCGGCCNNCAGCCTCTGGA
LASV_GP_Josiah_reopt_RevPool,LASV_GP_Josiah_reopt-rev-mut328,NNG,TCATCTGGGCTTCCNNTTTCAGCCTCTG
LASV_GP_Josiah_reopt_RevPool,LASV_GP_Josiah_reopt-rev-mut329,NNG,CTCATCTGGGCCNNGGCTTTCAGCC
LASV_GP_Josiah_reopt_RevPool,LASV_GP_Josiah_reopt-rev-mut330,NNG,GGATGCTCATCTGCNNTTCGGCTTTCAG
LASV_GP_Josiah_reopt_RevPool,LASV_GP_Josiah_reopt-rev-mut331,NNG,CTGGATGCTCATCNNGGCTTCGGCTT
LASV_GP_Josiah_reopt_RevPool,LASV_GP_Josiah_reopt-rev-mut332,NNG,AGCTGGATGCTCNNCTGGGCTTCGG
LASV_GP_Josiah_reopt_RevPool,LASV_GP_Josiah_reopt-rev-mut333,NNG,TGATCAGCTGGATCNNCATCTGGGCTTC
LASV_GP_Josiah_reopt_RevPool,LASV_GP_Josiah_reopt-rev-mut334,NNG,TATTGATCAGCTGCNNGCTCATCTGGGC
LASV_GP_Josiah_reopt_RevPool,LASV_GP_Josiah_reopt-rev-mut335,NNG,GCCTTATTGATCAGCNNGATGCTCATCTGGG
LASV_GP_Josiah_reopt_RevPool,LASV_GP_Josiah_reopt-rev-mut336,NNG,ACGGCCTTATTGATCNNCTGGATGCTCATCT
LASV_GP_Josiah_reopt_RevPool,LASV_GP_Josiah_reopt-rev-mut337,NNG,CACGGCCTTATTCNNCAGCTGGATGCT
LASV_GP_Josiah_reopt_RevPool,LASV_GP_Josiah_reopt-rev-mut338,NNG,GTTCACGGCCTTCNNGATCAGCTGGAT
LASV_GP_Josiah_reopt_RevPool,LASV_GP_Josiah_reopt-rev-mut339,NNG,AGCGTTCACGGCCNNATTGATCAGCT
LASV_GP_Josiah_reopt_RevPool,LASV_GP_Josiah_reopt-rev-mut340,NNG,GATCAGAGCGTTCACCNNCTTATTGATCAGCTG
LASV_GP_Josiah_reopt_RevPool,LASV_GP_Josiah_reopt-rev-mut341,NNG,GTTGATCAGAGCGTTCNNGGCCTTATTGATCAG
LASV_GP_Josiah_reopt_RevPool,LASV_GP_Josiah_reopt-rev-mut342,NNG,CGTTGATCAGAGCCNNCACGGCCTTATT
LASV_GP_Josiah_reopt_RevPool,LASV_GP_Josiah_reopt-rev-mut343,NNG,TCGTTGATCAGCNNGTTCACGGCCT
LASV_GP_Josiah_reopt_RevPool,LASV_GP_Josiah_reopt-rev-mut344,NNG,CTGGTCGTTGATCNNAGCGTTCACGG
LASV_GP_Josiah_reopt_RevPool,LASV_GP_Josiah_reopt-rev-mut345,NNG,CAGCTGGTCGTTCNNCAGAGCGTTCA
LASV_GP_Josiah_reopt_RevPool,LASV_GP_Josiah_reopt-rev-mut346,NNG,ATAATCAGCTGGTCCNNGATCAGAGCGTTCA
LASV_GP_Josiah_reopt_RevPool,LASV_GP_Josiah_reopt-rev-mut347,NNG,CTTCATAATCAGCTGCNNGTTGATCAGAGCGTT
LASV_GP_Josiah_reopt_RevPool,LASV_GP_Josiah_reopt-rev-mut348,NNG,GATTCTTCATAATCAGCNNGTCGTTGATCAGAGCG
LASV_GP_Josiah_reopt_RevPool,LASV_GP_Josiah_reopt-rev-mut349,NNG,TTAAATGATTCTTCATAATCNNCTGGTCGTTGATCAGAGCG
LASV_GP_Josiah_reopt_RevPool,LASV_GP_Josiah_reopt-rev-mut350,NNG,CTTAAATGATTCTTCATCNNCAGCTGGTCGTTGATCA
LASV_GP_Josiah_reopt_RevPool,LASV_GP_Josiah_reopt-rev-mut351,NNG,GTCTCTTAAATGATTCTTCNNAATCAGCTGGTCGTTGA
LASV_GP_Josiah_reopt_RevPool,LASV_GP_Josiah_reopt-rev-mut352,NNG,TGATGTCTCTTAAATGATTCNNCATAATCAGCTGGTCGTT
LASV_GP_Josiah_reopt_RevPool,LASV_GP_Josiah_reopt-rev-mut353,NNG,CATGATGTCTCTTAAATGCNNCTTCATAATCAGCTGGT
LASV_GP_Josiah_reopt_RevPool,LASV_GP_Josiah_reopt-rev-mut354,NNG,GCCCATGATGTCTCTTAACNNATTCTTCATAATCAGCTG
LASV_GP_Josiah_reopt_RevPool,LASV_GP_Josiah_reopt-rev-mut355,NNG,GGATGCCCATGATGTCTCTCNNATGATTCTTCATAATCAG
LASV_GP_Josiah_reopt_RevPool,LASV_GP_Josiah_reopt-rev-mut356,NNG,AGGGATGCCCATGATGTCCNNTAAATGATTCTTCATAA
LASV_GP_Josiah_reopt_RevPool,LASV_GP_Josiah_reopt-rev-mut357,NNG,AGTAAGGGATGCCCATGATCNNTCTTAAATGATTCTTCAT
LASV_GP_Josiah_reopt_RevPool,LASV_GP_Josiah_reopt-rev-mut358,NNG,CAGTAAGGGATGCCCATCNNGTCTCTTAAATGATTCT
LASV_GP_Josiah_reopt_RevPool,LASV_GP_Josiah_reopt-rev-mut359,NNG,GCAGTAAGGGATGCCCNNGATGTCTCTTAAATG
LASV_GP_Josiah_reopt_RevPool,LASV_GP_Josiah_reopt-rev-mut360,NNG,TGTAGTTGCAGTAAGGGATCNNCATGATGTCTCTTAAATG
LASV_GP_Josiah_reopt_RevPool,LASV_GP_Josiah_reopt-rev-mut361,NNG,AGTTGCAGTAAGGCNNGCCCATGATGTC
LASV_GP_Josiah_reopt_RevPool,LASV_GP_Josiah_reopt-rev-mut362,NNG,CTGTAGTTGCAGTACNNGATGCCCATGATGT
LASV_GP_Josiah_reopt_RevPool,LASV_GP_Josiah_reopt-rev-mut363,NNG,GCTGTAGTTGCACNNAGGGATGCCCAT
LASV_GP_Josiah_reopt_RevPool,LASV_GP_Josiah_reopt-rev-mut364,NNG,AATACTTGCTGTAGTTCNNGTAAGGGATGCCCAT
LASV_GP_Josiah_reopt_RevPool,LASV_GP_Josiah_reopt-rev-mut365,NNG,CCAATACTTGCTGTACNNGCAGTAAGGGATGC
LASV_GP_Josiah_reopt_RevPool,LASV_GP_Josiah_reopt-rev-mut366,NNG,GTACCAATACTTGCTCNNGTTGCAGTAAGGGAT
LASV_GP_Josiah_reopt_RevPool,LASV_GP_Josiah_reopt-rev-mut367,NNG,TTGAGGTACCAATACTTCNNGTAGTTGCAGTAAGGG
LASV_GP_Josiah_reopt_RevPool,LASV_GP_Josiah_reopt-rev-mut368,NNG,GTTGAGGTACCAATACNNGCTGTAGTTGCAGTA
LASV_GP_Josiah_reopt_RevPool,LASV_GP_Josiah_reopt-rev-mut369,NNG,TGGTTGAGGTACCACNNCTTGCTGTAGTTG
LASV_GP_Josiah_reopt_RevPool,LASV_GP_Josiah_reopt-rev-mut370,NNG,GTGGTATGGTTGAGGTACNNATACTTGCTGTAGTTG
LASV_GP_Josiah_reopt_RevPool,LASV_GP_Josiah_reopt-rev-mut371,NNG,GTGGTATGGTTGAGCNNCCAATACTTGCTGT
LASV_GP_Josiah_reopt_RevPool,LASV_GP_Josiah_reopt-rev-mut372,NNG,GGTGGTGGTATGGTTCNNGTACCAATACTTGC
LASV_GP_Josiah_reopt_RevPool,LASV_GP_Josiah_reopt-rev-mut373,NNG,CGGTGGTGGTATGCNNGAGGTACCAATAC
LASV_GP_Josiah_reopt_RevPool,LASV_GP_Josiah_reopt-rev-mut374,NNG,CCGGTGGTGGTCNNGTTGAGGTACC
LASV_GP_Josiah_reopt_RevPool,LASV_GP_Josiah_reopt-rev-mut375,NNG,TACGTCCGGTGGTCNNATGGTTGAGGTA
LASV_GP_Josiah_reopt_RevPool,LASV_GP_Josiah_reopt-rev-mut376,NNG,AGGTACGTCCGGTCNNGGTATGGTTGAG
LASV_GP_Josiah_reopt_RevPool,LASV_GP_Josiah_reopt-rev-mut377,NNG,AAGAGGTACGTCCCNNGGTGGTATGGTT
LASV_GP_Josiah_reopt_RevPool,LASV_GP_Josiah_reopt-rev-mut378,NNG,GTAAAGAGGTACGCNNGGTGGTGGTATGG
LASV_GP_Josiah_reopt_RevPool,LASV_GP_Josiah_reopt-rev-mut379,NNG,ATTTAGGTAAAGAGGTCNNTCCGGTGGTGGTATG
LASV_GP_Josiah_reopt_RevPool,LASV_GP_Josiah_reopt-rev-mut380,NNG,CATTTAGGTAAAGACNNACGTCCGGTGGTGG
LASV_GP_Josiah_reopt_RevPool,LASV_GP_Josiah_reopt-rev-mut381,NNG,CAGCATTTAGGTAACNNGGTACGTCCGGTG
LASV_GP_Josiah_reopt_RevPool,LASV_GP_Josiah_reopt-rev-mut382,NNG,GCCAGCATTTAGGCNNAGAGGTACGTCC
LASV_GP_Josiah_reopt_RevPool,LASV_GP_Josiah_reopt-rev-mut383,NNG,CACCAGCCAGCATTTCNNTAAAGAGGTACGTC
LASV_GP_Josiah_reopt_RevPool,LASV_GP_Josiah_reopt-rev-mut384,NNG,CTCACCAGCCAGCACNNAGGTAAAGAGGTA
LASV_GP_Josiah_reopt_RevPool,LASV_GP_Josiah_reopt-rev-mut385,NNG,GTTGCTCACCAGCCACNNTTTAGGTAAAGAGG
LASV_GP_Josiah_reopt_RevPool,LASV_GP_Josiah_reopt-rev-mut386,NNG,CGTTGCTCACCAGCNNGCATTTAGGTAAA
LASV_GP_Josiah_reopt_RevPool,LASV_GP_Josiah_reopt-rev-mut387,NNG,GCCGTTGCTCACCNNCCAGCATTTAG
LASV_GP_Josiah_reopt_RevPool,LASV_GP_Josiah_reopt-rev-mut388,NNG,CTGCCGTTGCTCNNCAGCCAGCATT
LASV_GP_Josiah_reopt_RevPool,LASV_GP_Josiah_reopt-rev-mut389,NNG,TAGCTGCCGTTCNNCACCAGCCAGC
LASV_GP_Josiah_reopt_RevPool,LASV_GP_Josiah_reopt-rev-mut390,NNG,AGGTAGCTGCCCNNGCTCACCAGCC
LASV_GP_Josiah_reopt_RevPool,LASV_GP_Josiah_reopt-rev-mut391,NNG,CGTTGAGGTAGCTCNNGTTGCTCACCAG
LASV_GP_Josiah_reopt_RevPool,LASV_GP_Josiah_reopt-rev-mut392,NNG,CTCGTTGAGGTACNNGCCGTTGCTCA
LASV_GP_Josiah_reopt_RevPool,LASV_GP_Josiah_reopt-rev-mut393,NNG,GTCTCGTTGAGCNNGCTGCCGTTGC
LASV_GP_Josiah_reopt_RevPool,LASV_GP_Josiah_reopt-rev-mut394,NNG,AATGTGTCTCGTTCNNGTAGCTGCCGTT
LASV_GP_Josiah_reopt_RevPool,LASV_GP_Josiah_reopt-rev-mut395,NNG,TGAAATGTGTCTCCNNGAGGTAGCTGCC
LASV_GP_Josiah_reopt_RevPool,LASV_GP_Josiah_reopt-rev-mut396,NNG,TCGCTGAAATGTGTCNNGTTGAGGTAGCTG
LASV_GP_Josiah_reopt_RevPool,LASV_GP_Josiah_reopt-rev-mut397,NNG,CGTCGCTGAAATGCNNCTCGTTGAGGTA
LASV_GP_Josiah_reopt_RevPool,LASV_GP_Josiah_reopt-rev-mut398,NNG,TGTCGTCGCTGAACNNTGTCTCGTTGAG
LASV_GP_Josiah_reopt_RevPool,LASV_GP_Josiah_reopt-rev-mut399,NNG,CGATGTCGTCGCTCNNATGTGTCTCGTT
LASV_GP_Josiah_reopt_RevPool,LASV_GP_Josiah_reopt-rev-mut400,NNG,GCTCGATGTCGTCCNNGAAATGTGTCTC
LASV_GP_Josiah_reopt_RevPool,LASV_GP_Josiah_reopt-rev-mut401,NNG,CTGCTCGATGTCCNNGCTGAAATGTGT
LASV_GP_Josiah_reopt_RevPool,LASV_GP_Josiah_reopt-rev-mut402,NNG,CTTGCTGCTCGATCNNGTCGCTGAAATG
LASV_GP_Josiah_reopt_RevPool,LASV_GP_Josiah_reopt-rev-mut403,NNG,GCTTGCTGCTCCNNGTCGTCGCTGA
LASV_GP_Josiah_reopt_RevPool,LASV_GP_Josiah_reopt-rev-mut404,NNG,TCAGCTTGCTGCNNGATGTCGTCGC
LASV_GP_Josiah_reopt_RevPool,LASV_GP_Josiah_reopt-rev-mut405,NNG,TGTTGTCAGCTTGCNNCTCGATGTCGTC
LASV_GP_Josiah_reopt_RevPool,LASV_GP_Josiah_reopt-rev-mut406,NNG,TCATGTTGTCAGCCNNCTGCTCGATGTC
LASV_GP_Josiah_reopt_RevPool,LASV_GP_Josiah_reopt-rev-mut407,NNG,GTGATCATGTTGTCCNNTTGCTGCTCGATGT
LASV_GP_Josiah_reopt_RevPool,LASV_GP_Josiah_reopt-rev-mut408,NNG,CGGTGATCATGTTCNNAGCTTGCTGCTC
LASV_GP_Josiah_reopt_RevPool,LASV_GP_Josiah_reopt-rev-mut409,NNG,TCTCGGTGATCATCNNGTCAGCTTGCTG
LASV_GP_Josiah_reopt_RevPool,LASV_GP_Josiah_reopt-rev-mut410,NNG,GCATCTCGGTGATCNNGTTGTCAGCTTG
LASV_GP_Josiah_reopt_RevPool,LASV_GP_Josiah_reopt-rev-mut411,NNG,CAGCATCTCGGTCNNCATGTTGTCAGC
LASV_GP_Josiah_reopt_RevPool,LASV_GP_Josiah_reopt-rev-mut412,NNG,CTTCTGCAGCATCTCCNNGATCATGTTGTCAG
LASV_GP_Josiah_reopt_RevPool,LASV_GP_Josiah_reopt-rev-mut413,NNG,TCCTTCTGCAGCATCNNGGTGATCATGTTG
LASV_GP_Josiah_reopt_RevPool,LASV_GP_Josiah_reopt-rev-mut414,NNG,ACTCCTTCTGCAGCNNCTCGGTGATCAT
LASV_GP_Josiah_reopt_RevPool,LASV_GP_Josiah_reopt-rev-mut415,NNG,CCATATACTCCTTCTGCNNCATCTCGGTGATCATG
LASV_GP_Josiah_reopt_RevPool,LASV_GP_Josiah_reopt-rev-mut416,NNG,TCTCCATATACTCCTTCNNCAGCATCTCGGTGAT
LASV_GP_Josiah_reopt_RevPool,LASV_GP_Josiah_reopt-rev-mut417,NNG,CTCTCCATATACTCCNNCTGCAGCATCTCGG
LASV_GP_Josiah_reopt_RevPool,LASV_GP_Josiah_reopt-rev-mut418,NNG,TTGCCTCTCCATATACNNCTTCTGCAGCATCTC
LASV_GP_Josiah_reopt_RevPool,LASV_GP_Josiah_reopt-rev-mut419,NNG,CTTGCCTCTCCATCNNCTCCTTCTGCAG
LASV_GP_Josiah_reopt_RevPool,LASV_GP_Josiah_reopt-rev-mut420,NNG,CTTACCTTGCCTCTCCNNATACTCCTTCTGCAG
LASV_GP_Josiah_reopt_RevPool,LASV_GP_Josiah_reopt-rev-mut421,NNG,GAGTCTTACCTTGCCTCNNCATATACTCCTTCTGC
LASV_GP_Josiah_reopt_RevPool,LASV_GP_Josiah_reopt-rev-mut422,NNG,AGAGGAGTCTTACCTTGCNNCTCCATATACTCCTTC
LASV_GP_Josiah_reopt_RevPool,LASV_GP_Josiah_reopt-rev-mut423,NNG,CGAGAGGAGTCTTACCCNNCCTCTCCATATACTC
LASV_GP_Josiah_reopt_RevPool,LASV_GP_Josiah_reopt-rev-mut424,NNG,CCGAGAGGAGTCTTCNNTTGCCTCTCCATAT
LASV_GP_Josiah_reopt_RevPool,LASV_GP_Josiah_reopt-rev-mut425,NNG,CCGAGAGGAGTCNNACCTTGCCTCT
LASV_GP_Josiah_reopt_RevPool,LASV_GP_Josiah_reopt-rev-mut426,NNG,AGGCCGAGAGGCNNCTTACCTTGCC
LASV_GP_Josiah_reopt_RevPool,LASV_GP_Josiah_reopt-rev-mut427,NNG,CACGAGGCCGAGCNNAGTCTTACCTTG
LASV_GP_Josiah_reopt_RevPool,LASV_GP_Josiah_reopt-rev-mut428,NNG,AATCCACGAGGCCCNNAGGAGTCTTACC
LASV_GP_Josiah_reopt_RevPool,LASV_GP_Josiah_reopt-rev-mut429,NNG,GAATAAATCCACGAGCNNGAGAGGAGTCTTACC
LASV_GP_Josiah_reopt_RevPool,LASV_GP_Josiah_reopt-rev-mut430,NNG,CGAATAAATCCACCNNGCCGAGAGGAGTC
LASV_GP_Josiah_reopt_RevPool,LASV_GP_Josiah_reopt-rev-mut431,NNG,AACACGAATAAATCCNNGAGGCCGAGAGGA
LASV_GP_Josiah_reopt_RevPool,LASV_GP_Josiah_reopt-rev-mut432,NNG,TGAACACGAATAACNNCACGAGGCCGAG
LASV_GP_Josiah_reopt_RevPool,LASV_GP_Josiah_reopt-rev-mut433,NNG,GCTGAACACGAACNNATCCACGAGGC
LASV_GP_Josiah_reopt_RevPool,LASV_GP_Josiah_reopt-rev-mut434,NNG,CTGGTGCTGAACACCNNTAAATCCACGAGG
LASV_GP_Josiah_reopt_RevPool,LASV_GP_Josiah_reopt-rev-mut435,NNG,GAAGCTGGTGCTGAACNNGAATAAATCCACGA
LASV_GP_Josiah_reopt_RevPool,LASV_GP_Josiah_reopt-rev-mut436,NNG,GTAGAAGCTGGTGCTCNNCACGAATAAATCCAC
LASV_GP_Josiah_reopt_RevPool,LASV_GP_Josiah_reopt-rev-mut437,NNG,TGAGGTAGAAGCTGGTCNNGAACACGAATAAATC
LASV_GP_Josiah_reopt_RevPool,LASV_GP_Josiah_reopt-rev-mut438,NNG,TGATGAGGTAGAAGCTCNNGCTGAACACGAATAAA
LASV_GP_Josiah_reopt_RevPool,LASV_GP_Josiah_reopt-rev-mut439,NNG,CTGATGAGGTAGAACNNGGTGCTGAACACG
LASV_GP_Josiah_reopt_RevPool,LASV_GP_Josiah_reopt-rev-mut440,NNG,GCTGATGAGGTACNNGCTGGTGCTGAA
LASV_GP_Josiah_reopt_RevPool,LASV_GP_Josiah_reopt-rev-mut441,NNG,GATGCTGATGAGCNNGAAGCTGGTGC
LASV_GP_Josiah_reopt_RevPool,LASV_GP_Josiah_reopt-rev-mut442,NNG,AAGAAAGATGCTGATCNNGTAGAAGCTGGTGC
LASV_GP_Josiah_reopt_RevPool,LASV_GP_Josiah_reopt-rev-mut443,NNG,GATGAAGAAAGATGCTCNNGAGGTAGAAGCTGGT
LASV_GP_Josiah_reopt_RevPool,LASV_GP_Josiah_reopt-rev-mut444,NNG,ACCAGATGAAGAAAGATCNNGATGAGGTAGAAGCTG
LASV_GP_Josiah_reopt_RevPool,LASV_GP_Josiah_reopt-rev-mut445,NNG,TTGACCAGATGAAGAAACNNGCTGATGAGGTAGAAG
LASV_GP_Josiah_reopt_RevPool,LASV_GP_Josiah_reopt-rev-mut446,NNG,TTGACCAGATGAAGCNNGATGCTGATGAGG
LASV_GP_Josiah_reopt_RevPool,LASV_GP_Josiah_reopt-rev-mut447,NNG,GAATCTTGACCAGATGCNNAAAGATGCTGATGAGG
LASV_GP_Josiah_reopt_RevPool,LASV_GP_Josiah_reopt-rev-mut448,NNG,GTAGGAATCTTGACCAGCNNAAGAAAGATGCTGATG
LASV_GP_Josiah_reopt_RevPool,LASV_GP_Josiah_reopt-rev-mut449,NNG,GGGTAGGAATCTTGACCNNATGAAGAAAGATGCTG
LASV_GP_Josiah_reopt_RevPool,LASV_GP_Josiah_reopt-rev-mut450,NNG,TCTATGGGTAGGAATCTTCNNCAGATGAAGAAAGATGC
LASV_GP_Josiah_reopt_RevPool,LASV_GP_Josiah_reopt-rev-mut451,NNG,TGTCTATGGGTAGGAATCNNGACCAGATGAAGAAAGA
LASV_GP_Josiah_reopt_RevPool,LASV_GP_Josiah_reopt-rev-mut452,NNG,GTGTCTATGGGTAGGCNNCTTGACCAGATGAA
LASV_GP_Josiah_reopt_RevPool,LASV_GP_Josiah_reopt-rev-mut453,NNG,CGATGTGTCTATGGGTCNNAATCTTGACCAGATGA
LASV_GP_Josiah_reopt_RevPool,LASV_GP_Josiah_reopt-rev-mut454,NNG,CACGATGTGTCTATGCNNAGGAATCTTGACCAG
LASV_GP_Josiah_reopt_RevPool,LASV_GP_Josiah_reopt-rev-mut455,NNG,CCCACGATGTGTCTCNNGGTAGGAATCTTGA
LASV_GP_Josiah_reopt_RevPool,LASV_GP_Josiah_reopt-rev-mut456,NNG,GCCCACGATGTGCNNATGGGTAGGAAT
LASV_GP_Josiah_reopt_RevPool,LASV_GP_Josiah_reopt-rev-mut457,NNG,CTCTTGCCCACGATCNNTCTATGGGTAGGAA
LASV_GP_Josiah_reopt_RevPool,LASV_GP_Josiah_reopt-rev-mut458,NNG,GCTCTTGCCCACCNNGTGTCTATGGG
LASV_GP_Josiah_reopt_RevPool,LASV_GP_Josiah_reopt-rev-mut459,NNG,GACAGCTCTTGCCCNNGATGTGTCTATGG
LASV_GP_Josiah_reopt_RevPool,LASV_GP_Josiah_reopt-rev-mut460,NNG,CTTGGGACAGCTCTTCNNCACGATGTGTCTAT
LASV_GP_Josiah_reopt_RevPool,LASV_GP_Josiah_reopt-rev-mut461,NNG,TTGGGACAGCTCNNGCCCACGATGT
LASV_GP_Josiah_reopt_RevPool,LASV_GP_Josiah_reopt-rev-mut462,NNG,GGCTTGGGACACNNCTTGCCCACGA
LASV_GP_Josiah_reopt_RevPool,LASV_GP_Josiah_reopt-rev-mut463,NNG,TGAGGCTTGGGCNNGCTCTTGCCCA
LASV_GP_Josiah_reopt_RevPool,LASV_GP_Josiah_reopt-rev-mut464,NNG,GTCTATGAGGCTTCNNACAGCTCTTGCCC
LASV_GP_Josiah_reopt_RevPool,LASV_GP_Josiah_reopt-rev-mut465,NNG,TGAGTCTATGAGGCNNGGGACAGCTCTTG
LASV_GP_Josiah_reopt_RevPool,LASV_GP_Josiah_reopt-rev-mut466,NNG,GGTTGAGTCTATGCNNCTTGGGACAGCTC
LASV_GP_Josiah_reopt_RevPool,LASV_GP_Josiah_reopt-rev-mut467,NNG,TGTGGTTGAGTCTCNNAGGCTTGGGACA
LASV_GP_Josiah_reopt_RevPool,LASV_GP_Josiah_reopt-rev-mut468,NNG,CATGTGGTTGAGCNNATGAGGCTTGGG
LASV_GP_Josiah_reopt_RevPool,LASV_GP_Josiah_reopt-rev-mut469,NNG,ATGCCCATGTGGTTCNNTCTATGAGGCTTG
LASV_GP_Josiah_reopt_RevPool,LASV_GP_Josiah_reopt-rev-mut470,NNG,AGATGCCCATGTGCNNGAGTCTATGAGG
LASV_GP_Josiah_reopt_RevPool,LASV_GP_Josiah_reopt-rev-mut471,NNG,CTGCAGATGCCCATCNNGTTGAGTCTATGAG
LASV_GP_Josiah_reopt_RevPool,LASV_GP_Josiah_reopt-rev-mut472,NNG,CTGCAGATGCCCNNGTGGTTGAGTC
LASV_GP_Josiah_reopt_RevPool,LASV_GP_Josiah_reopt-rev-mut473,NNG,GCAGCTGCAGATCNNCATGTGGTTGAG
LASV_GP_Josiah_reopt_RevPool,LASV_GP_Josiah_reopt-rev-mut474,NNG,CCGCAGCTGCACNNGCCCATGTGGT
LASV_GP_Josiah_reopt_RevPool,LASV_GP_Josiah_reopt-rev-mut475,NNG,AGTCCGCAGCTCNNGATGCCCATGT
LASV_GP_Josiah_reopt_RevPool,LASV_GP_Josiah_reopt-rev-mut476,NNG,TACAGTCCGCACNNGCAGATGCCCA
LASV_GP_Josiah_reopt_RevPool,LASV_GP_Josiah_reopt-rev-mut477,NNG,CTTGTACAGTCCCNNGCTGCAGATGC
LASV_GP_Josiah_reopt_RevPool,LASV_GP_Josiah_reopt-rev-mut478,NNG,TGCTTGTACAGCNNGCAGCTGCAGA
LASV_GP_Josiah_reopt_RevPool,LASV_GP_Josiah_reopt-rev-mut479,NNG,GGTTGCTTGTACNNTCCGCAGCTGC
LASV_GP_Josiah_reopt_RevPool,LASV_GP_Josiah_reopt-rev-mut480,NNG,CCGGGTTGCTTCNNCAGTCCGCAGC
LASV_GP_Josiah_reopt_RevPool,LASV_GP_Josiah_reopt-rev-mut481,NNG,ACACCGGGTTGCNNGTACAGTCCGC
LASV_GP_Josiah_reopt_RevPool,LASV_GP_Josiah_reopt-rev-mut482,NNG,GGCACACCGGGCNNCTTGTACAGTC
LASV_GP_Josiah_reopt_RevPool,LASV_GP_Josiah_reopt-rev-mut483,NNG,TAACGGGCACACCCNNTTGCTTGTACAG
LASV_GP_Josiah_reopt_RevPool,LASV_GP_Josiah_reopt-rev-mut484,NNG,CTTAACGGGCACCNNGGGTTGCTTGTA
LASV_GP_Josiah_reopt_RevPool,LASV_GP_Josiah_reopt-rev-mut485,NNG,CACTTAACGGGCNNACCGGGTTGCT
LASV_GP_Josiah_reopt_RevPool,LASV_GP_Josiah_reopt-rev-mut486,NNG,TCTTCCACTTAACCNNCACACCGGGTTG
LASV_GP_Josiah_reopt_RevPool,LASV_GP_Josiah_reopt-rev-mut487,NNG,CTCTTCCACTTCNNGGGCACACCGG
LASV_GP_Josiah_reopt_RevPool,LASV_GP_Josiah_reopt-rev-mut488,NNG,atcaTCTCTTCCACNNAACGGGCACACC
LASV_GP_Josiah_reopt_RevPool,LASV_GP_Josiah_reopt-rev-mut489,NNG,gccttatcaTCTCTTCNNCTTAACGGGCACAC
LASV_GP_Josiah_reopt_RevPool,LASV_GP_Josiah_reopt-rev-mut490,NNG,cgccttatcaTCTCNNCCACTTAACGGGC
LASV_GP_Josiah_reopt_RevPool,LASV_GP_Josiah_reopt-rev-mut491,NNG,gcgcgccttatcaCNNCTTCCACTTAAC
