barcode,name
GTGCAGTAGTAAAGTA,neut_standard
TACGTCGCAATGGTCC,neut_standard
CCATCTAGTGGCTAGG,neut_standard
AGTAGACTCCCTCCAT,neut_standard
CGTGGCGTTTACACTA,neut_standard
GCGATTCACGCGTTGG,neut_standard
TACCCATGGATACGAT,neut_standard
ATATAGACACGTGACC,neut_standard
GGTGCAGTAGTAAAGT,neut_standard_2
GTACGTCGCAATGGTC,neut_standard_2
GCCATCTAGTGGCTAG,neut_standard_2
GAGTAGACTCCCTCCA,neut_standard_2
GCGTGGCGTTTACACT,neut_standard_2
GGCGATTCACGCGTTG,neut_standard_2
TTACCCATGGATACGA,neut_standard_2
