Name,Sequence,Notes
VEP_amp_for,CAGCCGAGCCACATCGCTC,
3’rev_lib_LinJoin_KHDC,CGGAAGAGCGTCGTGTAGGGAAAG,
5'_BC,gcacgcgCAGCCGAGCCACATCGCTCA,
ForInd_AddBC_2,gcggaactccactaggaacatttctctctcgaaTCTAGANNNNNNNNNNNNNNNNAGATCGGAAGAGCGTCGTGTAGGGAAAGAG,
PacBio_5pri_C,ctagccattcagagGCAGCCGAGCCACcTCGCTC,
PacBio_5pri_G,ctagccattcagagGCAGCCGAGCCACgTCGCTC,
PacBio_3pri_C,CGCTCAACCAGTACGAGCCGTAAGTTATGTAACGCGGAACTCCACcAGGAAC,
PacBio_3pri_G,CGCTCAACCAGTACGAGCCGTAAGTTATGTAACGCGGAACTCCACgAGGAAC,
PacBio_5pri_RND2,CTAGCCATTCAGAGGCAGCCGAG,
PacBio_3pri_RND2,CGCTCAACCAGTACGAGCCGTAAGTTATGTAAC,
IlluminaRnd1_For_CC,CTCTTTCCCTACACGACGCTCTTCCGATCT,
IlluminaRnd1_Rev-3_CC,CTGGAGTTCAGACGTGTGCTCTTCCGATCTgtccctattggcgttactatgggaacatacgtc,Lower case portion binds to amplicon while upper case does not
Rnd2ForUniv_CC,AATGATACGGCGACCACCGAGATCTACACTCTTTCCCTACACGACGCTCTTCCGATCT,
Indexing primer,CAAGCAGAAGACGGCATACGAGATxxxxxxxxGTGACTGGAGTTCAGACGTGTGCTCT TCCGATCT,Where xxxxxxxx are NextFlex indices unique to each primer
