biosample_accession	library_ID	title	library_strategy	library_source	library_selection	library_layout	platform	instrument_model	design_description	filetype	filename
SAMN39709215	LibA_LibA-220517-VSVG-1_LibA_20220517	LASV GPC Josiah Illumina barcode sequencing for sample LibA-220517-VSVG-1_LibA_20220517	AMPLICON	SYNTHETIC	PCR	single	ILLUMINA	NextSeq 2000	Illumina barcode sequencing for LASV GPC Josiah	fastq	LibA_LibA-220517-VSVG-1_LibA_20220517.fastq.gz
SAMN39709215	LibA_LibA-220517-VSVG-2_LibA_20220517	LASV GPC Josiah Illumina barcode sequencing for sample LibA-220517-VSVG-2_LibA_20220517	AMPLICON	SYNTHETIC	PCR	single	ILLUMINA	NextSeq 2000	Illumina barcode sequencing for LASV GPC Josiah	fastq	LibA_LibA-220517-VSVG-2_LibA_20220517.fastq.gz
SAMN39709215	LibB_LibB-220517-VSVG-1_LibB_20220517	LASV GPC Josiah Illumina barcode sequencing for sample LibB-220517-VSVG-1_LibB_20220517	AMPLICON	SYNTHETIC	PCR	single	ILLUMINA	NextSeq 2000	Illumina barcode sequencing for LASV GPC Josiah	fastq	LibB_LibB-220517-VSVG-1_LibB_20220517.fastq.gz
SAMN39709215	LibB_LibB-220517-VSVG-2_LibB_20220517	LASV GPC Josiah Illumina barcode sequencing for sample LibB-220517-VSVG-2_LibB_20220517	AMPLICON	SYNTHETIC	PCR	single	ILLUMINA	NextSeq 2000	Illumina barcode sequencing for LASV GPC Josiah	fastq	LibB_LibB-220517-VSVG-2_LibB_20220517.fastq.gz
SAMN39709215	LibA_LibA-220601-377H-1.25-1_LibA_20220601	LASV GPC Josiah Illumina barcode sequencing for sample LibA-220601-377H-1.25-1_LibA_20220601	AMPLICON	SYNTHETIC	PCR	single	ILLUMINA	NextSeq 2000	Illumina barcode sequencing for LASV GPC Josiah	fastq	LibA_LibA-220601-377H-1.25-1_LibA_20220601.fastq.gz
SAMN39709215	LibA_LibA-220601-377H-1.25-2_LibA_20220601	LASV GPC Josiah Illumina barcode sequencing for sample LibA-220601-377H-1.25-2_LibA_20220601	AMPLICON	SYNTHETIC	PCR	single	ILLUMINA	NextSeq 2000	Illumina barcode sequencing for LASV GPC Josiah	fastq	LibA_LibA-220601-377H-1.25-2_LibA_20220601.fastq.gz
SAMN39709215	LibA_LibA-220601-377H-2.5-1_LibA_20220601	LASV GPC Josiah Illumina barcode sequencing for sample LibA-220601-377H-2.5-1_LibA_20220601	AMPLICON	SYNTHETIC	PCR	single	ILLUMINA	NextSeq 2000	Illumina barcode sequencing for LASV GPC Josiah	fastq	LibA_LibA-220601-377H-2.5-1_LibA_20220601.fastq.gz
SAMN39709215	LibA_LibA-220601-377H-2.5-2_LibA_20220601	LASV GPC Josiah Illumina barcode sequencing for sample LibA-220601-377H-2.5-2_LibA_20220601	AMPLICON	SYNTHETIC	PCR	single	ILLUMINA	NextSeq 2000	Illumina barcode sequencing for LASV GPC Josiah	fastq	LibA_LibA-220601-377H-2.5-2_LibA_20220601.fastq.gz
SAMN39709215	LibA_LibA-220601-377H-5-1_LibA_20220601	LASV GPC Josiah Illumina barcode sequencing for sample LibA-220601-377H-5-1_LibA_20220601	AMPLICON	SYNTHETIC	PCR	single	ILLUMINA	NextSeq 2000	Illumina barcode sequencing for LASV GPC Josiah	fastq	LibA_LibA-220601-377H-5-1_LibA_20220601.fastq.gz
SAMN39709215	LibA_LibA-220601-377H-5-2_LibA_20220601	LASV GPC Josiah Illumina barcode sequencing for sample LibA-220601-377H-5-2_LibA_20220601	AMPLICON	SYNTHETIC	PCR	single	ILLUMINA	NextSeq 2000	Illumina barcode sequencing for LASV GPC Josiah	fastq	LibA_LibA-220601-377H-5-2_LibA_20220601.fastq.gz
SAMN39709215	LibA_LibA-220601-377H-10-1_LibA_20220601	LASV GPC Josiah Illumina barcode sequencing for sample LibA-220601-377H-10-1_LibA_20220601	AMPLICON	SYNTHETIC	PCR	single	ILLUMINA	NextSeq 2000	Illumina barcode sequencing for LASV GPC Josiah	fastq	LibA_LibA-220601-377H-10-1_LibA_20220601.fastq.gz
SAMN39709215	LibA_LibA-220601-377H-10-2_LibA_20220601	LASV GPC Josiah Illumina barcode sequencing for sample LibA-220601-377H-10-2_LibA_20220601	AMPLICON	SYNTHETIC	PCR	single	ILLUMINA	NextSeq 2000	Illumina barcode sequencing for LASV GPC Josiah	fastq	LibA_LibA-220601-377H-10-2_LibA_20220601.fastq.gz
SAMN39709215	LibA_LibA-220601-no-antibody-1_LibA_20220601	LASV GPC Josiah Illumina barcode sequencing for sample LibA-220601-no-antibody-1_LibA_20220601	AMPLICON	SYNTHETIC	PCR	single	ILLUMINA	NextSeq 2000	Illumina barcode sequencing for LASV GPC Josiah	fastq	LibA_LibA-220601-no-antibody-1_LibA_20220601.fastq.gz
SAMN39709215	LibA_LibA-220601-no-antibody-2_LibA_20220601	LASV GPC Josiah Illumina barcode sequencing for sample LibA-220601-no-antibody-2_LibA_20220601	AMPLICON	SYNTHETIC	PCR	single	ILLUMINA	NextSeq 2000	Illumina barcode sequencing for LASV GPC Josiah	fastq	LibA_LibA-220601-no-antibody-2_LibA_20220601.fastq.gz
SAMN39709215	LibA_LibA-220601-VSVG-1_LibA_20220601	LASV GPC Josiah Illumina barcode sequencing for sample LibA-220601-VSVG-1_LibA_20220601	AMPLICON	SYNTHETIC	PCR	single	ILLUMINA	NextSeq 2000	Illumina barcode sequencing for LASV GPC Josiah	fastq	LibA_LibA-220601-VSVG-1_LibA_20220601.fastq.gz
SAMN39709215	LibA_LibA-220601-VSVG-2_LibA_20220601	LASV GPC Josiah Illumina barcode sequencing for sample LibA-220601-VSVG-2_LibA_20220601	AMPLICON	SYNTHETIC	PCR	single	ILLUMINA	NextSeq 2000	Illumina barcode sequencing for LASV GPC Josiah	fastq	LibA_LibA-220601-VSVG-2_LibA_20220601.fastq.gz
SAMN39709215	LibA_LibA-220706-377H-1.25-1_LibA_20220706	LASV GPC Josiah Illumina barcode sequencing for sample LibA-220706-377H-1.25-1_LibA_20220706	AMPLICON	SYNTHETIC	PCR	single	ILLUMINA	NextSeq 2000	Illumina barcode sequencing for LASV GPC Josiah	fastq	LibA_LibA-220706-377H-1.25-1_LibA_20220706.fastq.gz
SAMN39709215	LibA_LibA-220706-89F-5-1_LibA_20220706	LASV GPC Josiah Illumina barcode sequencing for sample LibA-220706-89F-5-1_LibA_20220706	AMPLICON	SYNTHETIC	PCR	single	ILLUMINA	NextSeq 2000	Illumina barcode sequencing for LASV GPC Josiah	fastq	LibA_LibA-220706-89F-5-1_LibA_20220706.fastq.gz
SAMN39709215	LibA_LibA-220706-377H-5-1_LibA_20220706	LASV GPC Josiah Illumina barcode sequencing for sample LibA-220706-377H-5-1_LibA_20220706	AMPLICON	SYNTHETIC	PCR	single	ILLUMINA	NextSeq 2000	Illumina barcode sequencing for LASV GPC Josiah	fastq	LibA_LibA-220706-377H-5-1_LibA_20220706.fastq.gz
SAMN39709215	LibA_LibA-220706-89F-20-1_LibA_20220706	LASV GPC Josiah Illumina barcode sequencing for sample LibA-220706-89F-20-1_LibA_20220706	AMPLICON	SYNTHETIC	PCR	single	ILLUMINA	NextSeq 2000	Illumina barcode sequencing for LASV GPC Josiah	fastq	LibA_LibA-220706-89F-20-1_LibA_20220706.fastq.gz
SAMN39709215	LibA_LibA-220706-377H-20-1_LibA_20220706	LASV GPC Josiah Illumina barcode sequencing for sample LibA-220706-377H-20-1_LibA_20220706	AMPLICON	SYNTHETIC	PCR	single	ILLUMINA	NextSeq 2000	Illumina barcode sequencing for LASV GPC Josiah	fastq	LibA_LibA-220706-377H-20-1_LibA_20220706.fastq.gz
SAMN39709215	LibA_LibA-220706-89F-80-1_LibA_20220706	LASV GPC Josiah Illumina barcode sequencing for sample LibA-220706-89F-80-1_LibA_20220706	AMPLICON	SYNTHETIC	PCR	single	ILLUMINA	NextSeq 2000	Illumina barcode sequencing for LASV GPC Josiah	fastq	LibA_LibA-220706-89F-80-1_LibA_20220706.fastq.gz
SAMN39709215	LibA_LibA-220706-no-antibody-1_LibA_20220706	LASV GPC Josiah Illumina barcode sequencing for sample LibA-220706-no-antibody-1_LibA_20220706	AMPLICON	SYNTHETIC	PCR	single	ILLUMINA	NextSeq 2000	Illumina barcode sequencing for LASV GPC Josiah	fastq	LibA_LibA-220706-no-antibody-1_LibA_20220706.fastq.gz
SAMN39709215	LibA_LibA-220706-no-antibody-2_LibA_20220706	LASV GPC Josiah Illumina barcode sequencing for sample LibA-220706-no-antibody-2_LibA_20220706	AMPLICON	SYNTHETIC	PCR	single	ILLUMINA	NextSeq 2000	Illumina barcode sequencing for LASV GPC Josiah	fastq	LibA_LibA-220706-no-antibody-2_LibA_20220706.fastq.gz
SAMN39709215	LibA_LibA-220706-VSVG-1_LibA_20220706	LASV GPC Josiah Illumina barcode sequencing for sample LibA-220706-VSVG-1_LibA_20220706	AMPLICON	SYNTHETIC	PCR	single	ILLUMINA	NextSeq 2000	Illumina barcode sequencing for LASV GPC Josiah	fastq	LibA_LibA-220706-VSVG-1_LibA_20220706.fastq.gz
SAMN39709215	LibA_LibA-220706-VSVG-2_LibA_20220706	LASV GPC Josiah Illumina barcode sequencing for sample LibA-220706-VSVG-2_LibA_20220706	AMPLICON	SYNTHETIC	PCR	single	ILLUMINA	NextSeq 2000	Illumina barcode sequencing for LASV GPC Josiah	fastq	LibA_LibA-220706-VSVG-2_LibA_20220706.fastq.gz
SAMN39709215	LibB_LibB-220706-377H-1.25-1_LibB_20220706	LASV GPC Josiah Illumina barcode sequencing for sample LibB-220706-377H-1.25-1_LibB_20220706	AMPLICON	SYNTHETIC	PCR	single	ILLUMINA	NextSeq 2000	Illumina barcode sequencing for LASV GPC Josiah	fastq	LibB_LibB-220706-377H-1.25-1_LibB_20220706.fastq.gz
SAMN39709215	LibB_LibB-220706-89F-5-1_LibB_20220706	LASV GPC Josiah Illumina barcode sequencing for sample LibB-220706-89F-5-1_LibB_20220706	AMPLICON	SYNTHETIC	PCR	single	ILLUMINA	NextSeq 2000	Illumina barcode sequencing for LASV GPC Josiah	fastq	LibB_LibB-220706-89F-5-1_LibB_20220706.fastq.gz
SAMN39709215	LibB_LibB-220706-377H-5-1_LibB_20220706	LASV GPC Josiah Illumina barcode sequencing for sample LibB-220706-377H-5-1_LibB_20220706	AMPLICON	SYNTHETIC	PCR	single	ILLUMINA	NextSeq 2000	Illumina barcode sequencing for LASV GPC Josiah	fastq	LibB_LibB-220706-377H-5-1_LibB_20220706.fastq.gz
SAMN39709215	LibB_LibB-220706-89F-20-1_LibB_20220706	LASV GPC Josiah Illumina barcode sequencing for sample LibB-220706-89F-20-1_LibB_20220706	AMPLICON	SYNTHETIC	PCR	single	ILLUMINA	NextSeq 2000	Illumina barcode sequencing for LASV GPC Josiah	fastq	LibB_LibB-220706-89F-20-1_LibB_20220706.fastq.gz
SAMN39709215	LibB_LibB-220706-377H-20-1_LibB_20220706	LASV GPC Josiah Illumina barcode sequencing for sample LibB-220706-377H-20-1_LibB_20220706	AMPLICON	SYNTHETIC	PCR	single	ILLUMINA	NextSeq 2000	Illumina barcode sequencing for LASV GPC Josiah	fastq	LibB_LibB-220706-377H-20-1_LibB_20220706.fastq.gz
SAMN39709215	LibB_LibB-220706-89F-80-1_LibB_20220706	LASV GPC Josiah Illumina barcode sequencing for sample LibB-220706-89F-80-1_LibB_20220706	AMPLICON	SYNTHETIC	PCR	single	ILLUMINA	NextSeq 2000	Illumina barcode sequencing for LASV GPC Josiah	fastq	LibB_LibB-220706-89F-80-1_LibB_20220706.fastq.gz
SAMN39709215	LibB_LibB-220706-no-antibody-1_LibB_20220706	LASV GPC Josiah Illumina barcode sequencing for sample LibB-220706-no-antibody-1_LibB_20220706	AMPLICON	SYNTHETIC	PCR	single	ILLUMINA	NextSeq 2000	Illumina barcode sequencing for LASV GPC Josiah	fastq	LibB_LibB-220706-no-antibody-1_LibB_20220706.fastq.gz
SAMN39709215	LibB_LibB-220706-no-antibody-2_LibB_20220706	LASV GPC Josiah Illumina barcode sequencing for sample LibB-220706-no-antibody-2_LibB_20220706	AMPLICON	SYNTHETIC	PCR	single	ILLUMINA	NextSeq 2000	Illumina barcode sequencing for LASV GPC Josiah	fastq	LibB_LibB-220706-no-antibody-2_LibB_20220706.fastq.gz
SAMN39709215	LibB_LibB-220706-VSVG-1_LibB_20220706	LASV GPC Josiah Illumina barcode sequencing for sample LibB-220706-VSVG-1_LibB_20220706	AMPLICON	SYNTHETIC	PCR	single	ILLUMINA	NextSeq 2000	Illumina barcode sequencing for LASV GPC Josiah	fastq	LibB_LibB-220706-VSVG-1_LibB_20220706.fastq.gz
SAMN39709215	LibB_LibB-220706-VSVG-2_LibB_20220706	LASV GPC Josiah Illumina barcode sequencing for sample LibB-220706-VSVG-2_LibB_20220706	AMPLICON	SYNTHETIC	PCR	single	ILLUMINA	NextSeq 2000	Illumina barcode sequencing for LASV GPC Josiah	fastq	LibB_LibB-220706-VSVG-2_LibB_20220706.fastq.gz
SAMN39709215	LibA_LibA-220728-2510C-0.5-1_LibA_20220728	LASV GPC Josiah Illumina barcode sequencing for sample LibA-220728-2510C-0.5-1_LibA_20220728	AMPLICON	SYNTHETIC	PCR	single	ILLUMINA	NextSeq 2000	Illumina barcode sequencing for LASV GPC Josiah	fastq	LibA_LibA-220728-2510C-0.5-1_LibA_20220728.fastq.gz
SAMN39709215	LibA_LibA-220728-121F-0.625-1_LibA_20220728	LASV GPC Josiah Illumina barcode sequencing for sample LibA-220728-121F-0.625-1_LibA_20220728	AMPLICON	SYNTHETIC	PCR	single	ILLUMINA	NextSeq 2000	Illumina barcode sequencing for LASV GPC Josiah	fastq	LibA_LibA-220728-121F-0.625-1_LibA_20220728.fastq.gz
SAMN39709215	LibA_LibA-220728-2510C-2-1_LibA_20220728	LASV GPC Josiah Illumina barcode sequencing for sample LibA-220728-2510C-2-1_LibA_20220728	AMPLICON	SYNTHETIC	PCR	single	ILLUMINA	NextSeq 2000	Illumina barcode sequencing for LASV GPC Josiah	fastq	LibA_LibA-220728-2510C-2-1_LibA_20220728.fastq.gz
SAMN39709215	LibA_LibA-220728-121F-2.5-1_LibA_20220728	LASV GPC Josiah Illumina barcode sequencing for sample LibA-220728-121F-2.5-1_LibA_20220728	AMPLICON	SYNTHETIC	PCR	single	ILLUMINA	NextSeq 2000	Illumina barcode sequencing for LASV GPC Josiah	fastq	LibA_LibA-220728-121F-2.5-1_LibA_20220728.fastq.gz
SAMN39709215	LibA_LibA-220728-256A-3.125-1_LibA_20220728	LASV GPC Josiah Illumina barcode sequencing for sample LibA-220728-256A-3.125-1_LibA_20220728	AMPLICON	SYNTHETIC	PCR	single	ILLUMINA	NextSeq 2000	Illumina barcode sequencing for LASV GPC Josiah	fastq	LibA_LibA-220728-256A-3.125-1_LibA_20220728.fastq.gz
SAMN39709215	LibA_LibA-220728-2510C-8-1_LibA_20220728	LASV GPC Josiah Illumina barcode sequencing for sample LibA-220728-2510C-8-1_LibA_20220728	AMPLICON	SYNTHETIC	PCR	single	ILLUMINA	NextSeq 2000	Illumina barcode sequencing for LASV GPC Josiah	fastq	LibA_LibA-220728-2510C-8-1_LibA_20220728.fastq.gz
SAMN39709215	LibA_LibA-220728-121F-10-1_LibA_20220728	LASV GPC Josiah Illumina barcode sequencing for sample LibA-220728-121F-10-1_LibA_20220728	AMPLICON	SYNTHETIC	PCR	single	ILLUMINA	NextSeq 2000	Illumina barcode sequencing for LASV GPC Josiah	fastq	LibA_LibA-220728-121F-10-1_LibA_20220728.fastq.gz
SAMN39709215	LibA_LibA-220728-256A-12.5-1_LibA_20220728	LASV GPC Josiah Illumina barcode sequencing for sample LibA-220728-256A-12.5-1_LibA_20220728	AMPLICON	SYNTHETIC	PCR	single	ILLUMINA	NextSeq 2000	Illumina barcode sequencing for LASV GPC Josiah	fastq	LibA_LibA-220728-256A-12.5-1_LibA_20220728.fastq.gz
SAMN39709215	LibA_LibA-220728-256A-50-1_LibA_20220728	LASV GPC Josiah Illumina barcode sequencing for sample LibA-220728-256A-50-1_LibA_20220728	AMPLICON	SYNTHETIC	PCR	single	ILLUMINA	NextSeq 2000	Illumina barcode sequencing for LASV GPC Josiah	fastq	LibA_LibA-220728-256A-50-1_LibA_20220728.fastq.gz
SAMN39709215	LibA_LibA-220728-no-antibody-1_LibA_20220728	LASV GPC Josiah Illumina barcode sequencing for sample LibA-220728-no-antibody-1_LibA_20220728	AMPLICON	SYNTHETIC	PCR	single	ILLUMINA	NextSeq 2000	Illumina barcode sequencing for LASV GPC Josiah	fastq	LibA_LibA-220728-no-antibody-1_LibA_20220728.fastq.gz
SAMN39709215	LibA_LibA-220728-no-antibody-2_LibA_20220728	LASV GPC Josiah Illumina barcode sequencing for sample LibA-220728-no-antibody-2_LibA_20220728	AMPLICON	SYNTHETIC	PCR	single	ILLUMINA	NextSeq 2000	Illumina barcode sequencing for LASV GPC Josiah	fastq	LibA_LibA-220728-no-antibody-2_LibA_20220728.fastq.gz
SAMN39709215	LibA_LibA-220728-VSVG-1_LibA_20220728	LASV GPC Josiah Illumina barcode sequencing for sample LibA-220728-VSVG-1_LibA_20220728	AMPLICON	SYNTHETIC	PCR	single	ILLUMINA	NextSeq 2000	Illumina barcode sequencing for LASV GPC Josiah	fastq	LibA_LibA-220728-VSVG-1_LibA_20220728.fastq.gz
SAMN39709215	LibA_LibA-220728-VSVG-2_LibA_20220728	LASV GPC Josiah Illumina barcode sequencing for sample LibA-220728-VSVG-2_LibA_20220728	AMPLICON	SYNTHETIC	PCR	single	ILLUMINA	NextSeq 2000	Illumina barcode sequencing for LASV GPC Josiah	fastq	LibA_LibA-220728-VSVG-2_LibA_20220728.fastq.gz
SAMN39709215	LibB_LibB-220728-2510C-0.5-1_LibB_20220728	LASV GPC Josiah Illumina barcode sequencing for sample LibB-220728-2510C-0.5-1_LibB_20220728	AMPLICON	SYNTHETIC	PCR	single	ILLUMINA	NextSeq 2000	Illumina barcode sequencing for LASV GPC Josiah	fastq	LibB_LibB-220728-2510C-0.5-1_LibB_20220728.fastq.gz
SAMN39709215	LibB_LibB-220728-121F-0.625-1_LibB_20220728	LASV GPC Josiah Illumina barcode sequencing for sample LibB-220728-121F-0.625-1_LibB_20220728	AMPLICON	SYNTHETIC	PCR	single	ILLUMINA	NextSeq 2000	Illumina barcode sequencing for LASV GPC Josiah	fastq	LibB_LibB-220728-121F-0.625-1_LibB_20220728.fastq.gz
SAMN39709215	LibB_LibB-220728-2510C-2-1_LibB_20220728	LASV GPC Josiah Illumina barcode sequencing for sample LibB-220728-2510C-2-1_LibB_20220728	AMPLICON	SYNTHETIC	PCR	single	ILLUMINA	NextSeq 2000	Illumina barcode sequencing for LASV GPC Josiah	fastq	LibB_LibB-220728-2510C-2-1_LibB_20220728.fastq.gz
SAMN39709215	LibB_LibB-220728-121F-2.5-1_LibB_20220728	LASV GPC Josiah Illumina barcode sequencing for sample LibB-220728-121F-2.5-1_LibB_20220728	AMPLICON	SYNTHETIC	PCR	single	ILLUMINA	NextSeq 2000	Illumina barcode sequencing for LASV GPC Josiah	fastq	LibB_LibB-220728-121F-2.5-1_LibB_20220728.fastq.gz
SAMN39709215	LibB_LibB-220728-256A-3.125-1_LibB_20220728	LASV GPC Josiah Illumina barcode sequencing for sample LibB-220728-256A-3.125-1_LibB_20220728	AMPLICON	SYNTHETIC	PCR	single	ILLUMINA	NextSeq 2000	Illumina barcode sequencing for LASV GPC Josiah	fastq	LibB_LibB-220728-256A-3.125-1_LibB_20220728.fastq.gz
SAMN39709215	LibB_LibB-220728-2510C-8-1_LibB_20220728	LASV GPC Josiah Illumina barcode sequencing for sample LibB-220728-2510C-8-1_LibB_20220728	AMPLICON	SYNTHETIC	PCR	single	ILLUMINA	NextSeq 2000	Illumina barcode sequencing for LASV GPC Josiah	fastq	LibB_LibB-220728-2510C-8-1_LibB_20220728.fastq.gz
SAMN39709215	LibB_LibB-220728-121F-10-1_LibB_20220728	LASV GPC Josiah Illumina barcode sequencing for sample LibB-220728-121F-10-1_LibB_20220728	AMPLICON	SYNTHETIC	PCR	single	ILLUMINA	NextSeq 2000	Illumina barcode sequencing for LASV GPC Josiah	fastq	LibB_LibB-220728-121F-10-1_LibB_20220728.fastq.gz
SAMN39709215	LibB_LibB-220728-256A-12.5-1_LibB_20220728	LASV GPC Josiah Illumina barcode sequencing for sample LibB-220728-256A-12.5-1_LibB_20220728	AMPLICON	SYNTHETIC	PCR	single	ILLUMINA	NextSeq 2000	Illumina barcode sequencing for LASV GPC Josiah	fastq	LibB_LibB-220728-256A-12.5-1_LibB_20220728.fastq.gz
SAMN39709215	LibB_LibB-220728-256A-50-1_LibB_20220728	LASV GPC Josiah Illumina barcode sequencing for sample LibB-220728-256A-50-1_LibB_20220728	AMPLICON	SYNTHETIC	PCR	single	ILLUMINA	NextSeq 2000	Illumina barcode sequencing for LASV GPC Josiah	fastq	LibB_LibB-220728-256A-50-1_LibB_20220728.fastq.gz
SAMN39709215	LibB_LibB-220728-no-antibody-1_LibB_20220728	LASV GPC Josiah Illumina barcode sequencing for sample LibB-220728-no-antibody-1_LibB_20220728	AMPLICON	SYNTHETIC	PCR	single	ILLUMINA	NextSeq 2000	Illumina barcode sequencing for LASV GPC Josiah	fastq	LibB_LibB-220728-no-antibody-1_LibB_20220728.fastq.gz
SAMN39709215	LibB_LibB-220728-no-antibody-2_LibB_20220728	LASV GPC Josiah Illumina barcode sequencing for sample LibB-220728-no-antibody-2_LibB_20220728	AMPLICON	SYNTHETIC	PCR	single	ILLUMINA	NextSeq 2000	Illumina barcode sequencing for LASV GPC Josiah	fastq	LibB_LibB-220728-no-antibody-2_LibB_20220728.fastq.gz
SAMN39709215	LibB_LibB-220728-VSVG-1_LibB_20220728	LASV GPC Josiah Illumina barcode sequencing for sample LibB-220728-VSVG-1_LibB_20220728	AMPLICON	SYNTHETIC	PCR	single	ILLUMINA	NextSeq 2000	Illumina barcode sequencing for LASV GPC Josiah	fastq	LibB_LibB-220728-VSVG-1_LibB_20220728.fastq.gz
SAMN39709215	LibB_LibB-220728-VSVG-2_LibB_20220728	LASV GPC Josiah Illumina barcode sequencing for sample LibB-220728-VSVG-2_LibB_20220728	AMPLICON	SYNTHETIC	PCR	single	ILLUMINA	NextSeq 2000	Illumina barcode sequencing for LASV GPC Josiah	fastq	LibB_LibB-220728-VSVG-2_LibB_20220728.fastq.gz
SAMN39709215	LibA_LibA-220823-372D-2.75-1_LibA_20220823	LASV GPC Josiah Illumina barcode sequencing for sample LibA-220823-372D-2.75-1_LibA_20220823	AMPLICON	SYNTHETIC	PCR	single	ILLUMINA	NextSeq 2000	Illumina barcode sequencing for LASV GPC Josiah	fastq	LibA_LibA-220823-372D-2.75-1_LibA_20220823.fastq.gz
SAMN39709215	LibA_LibA-220823-372D-11-1_LibA_20220823	LASV GPC Josiah Illumina barcode sequencing for sample LibA-220823-372D-11-1_LibA_20220823	AMPLICON	SYNTHETIC	PCR	single	ILLUMINA	NextSeq 2000	Illumina barcode sequencing for LASV GPC Josiah	fastq	LibA_LibA-220823-372D-11-1_LibA_20220823.fastq.gz
SAMN39709215	LibA_LibA-220823-372D-44-1_LibA_20220823	LASV GPC Josiah Illumina barcode sequencing for sample LibA-220823-372D-44-1_LibA_20220823	AMPLICON	SYNTHETIC	PCR	single	ILLUMINA	NextSeq 2000	Illumina barcode sequencing for LASV GPC Josiah	fastq	LibA_LibA-220823-372D-44-1_LibA_20220823.fastq.gz
SAMN39709215	LibA_LibA-220823-no-antibody-1_LibA_20220823	LASV GPC Josiah Illumina barcode sequencing for sample LibA-220823-no-antibody-1_LibA_20220823	AMPLICON	SYNTHETIC	PCR	single	ILLUMINA	NextSeq 2000	Illumina barcode sequencing for LASV GPC Josiah	fastq	LibA_LibA-220823-no-antibody-1_LibA_20220823.fastq.gz
SAMN39709215	LibA_LibA-220823-no-antibody-2_LibA_20220823	LASV GPC Josiah Illumina barcode sequencing for sample LibA-220823-no-antibody-2_LibA_20220823	AMPLICON	SYNTHETIC	PCR	single	ILLUMINA	NextSeq 2000	Illumina barcode sequencing for LASV GPC Josiah	fastq	LibA_LibA-220823-no-antibody-2_LibA_20220823.fastq.gz
SAMN39709215	LibA_LibA-220823-VSVG-1_LibA_20220823	LASV GPC Josiah Illumina barcode sequencing for sample LibA-220823-VSVG-1_LibA_20220823	AMPLICON	SYNTHETIC	PCR	single	ILLUMINA	NextSeq 2000	Illumina barcode sequencing for LASV GPC Josiah	fastq	LibA_LibA-220823-VSVG-1_LibA_20220823.fastq.gz
SAMN39709215	LibA_LibA-220823-VSVG-2_LibA_20220823	LASV GPC Josiah Illumina barcode sequencing for sample LibA-220823-VSVG-2_LibA_20220823	AMPLICON	SYNTHETIC	PCR	single	ILLUMINA	NextSeq 2000	Illumina barcode sequencing for LASV GPC Josiah	fastq	LibA_LibA-220823-VSVG-2_LibA_20220823.fastq.gz
SAMN39709215	LibB_LibB-220823-372D-2.75-1_LibB_20220823	LASV GPC Josiah Illumina barcode sequencing for sample LibB-220823-372D-2.75-1_LibB_20220823	AMPLICON	SYNTHETIC	PCR	single	ILLUMINA	NextSeq 2000	Illumina barcode sequencing for LASV GPC Josiah	fastq	LibB_LibB-220823-372D-2.75-1_LibB_20220823.fastq.gz
SAMN39709215	LibB_LibB-220823-372D-11-1_LibB_20220823	LASV GPC Josiah Illumina barcode sequencing for sample LibB-220823-372D-11-1_LibB_20220823	AMPLICON	SYNTHETIC	PCR	single	ILLUMINA	NextSeq 2000	Illumina barcode sequencing for LASV GPC Josiah	fastq	LibB_LibB-220823-372D-11-1_LibB_20220823.fastq.gz
SAMN39709215	LibB_LibB-220823-372D-44-1_LibB_20220823	LASV GPC Josiah Illumina barcode sequencing for sample LibB-220823-372D-44-1_LibB_20220823	AMPLICON	SYNTHETIC	PCR	single	ILLUMINA	NextSeq 2000	Illumina barcode sequencing for LASV GPC Josiah	fastq	LibB_LibB-220823-372D-44-1_LibB_20220823.fastq.gz
SAMN39709215	LibB_LibB-220823-no-antibody-1_LibB_20220823	LASV GPC Josiah Illumina barcode sequencing for sample LibB-220823-no-antibody-1_LibB_20220823	AMPLICON	SYNTHETIC	PCR	single	ILLUMINA	NextSeq 2000	Illumina barcode sequencing for LASV GPC Josiah	fastq	LibB_LibB-220823-no-antibody-1_LibB_20220823.fastq.gz
SAMN39709215	LibB_LibB-220823-no-antibody-2_LibB_20220823	LASV GPC Josiah Illumina barcode sequencing for sample LibB-220823-no-antibody-2_LibB_20220823	AMPLICON	SYNTHETIC	PCR	single	ILLUMINA	NextSeq 2000	Illumina barcode sequencing for LASV GPC Josiah	fastq	LibB_LibB-220823-no-antibody-2_LibB_20220823.fastq.gz
SAMN39709215	LibB_LibB-220823-VSVG-1_LibB_20220823	LASV GPC Josiah Illumina barcode sequencing for sample LibB-220823-VSVG-1_LibB_20220823	AMPLICON	SYNTHETIC	PCR	single	ILLUMINA	NextSeq 2000	Illumina barcode sequencing for LASV GPC Josiah	fastq	LibB_LibB-220823-VSVG-1_LibB_20220823.fastq.gz
SAMN39709215	LibB_LibB-220823-VSVG-2_LibB_20220823	LASV GPC Josiah Illumina barcode sequencing for sample LibB-220823-VSVG-2_LibB_20220823	AMPLICON	SYNTHETIC	PCR	single	ILLUMINA	NextSeq 2000	Illumina barcode sequencing for LASV GPC Josiah	fastq	LibB_LibB-220823-VSVG-2_LibB_20220823.fastq.gz
SAMN39709215	LibA_LibA-220907-372D-11-1_LibA_20220907	LASV GPC Josiah Illumina barcode sequencing for sample LibA-220907-372D-11-1_LibA_20220907	AMPLICON	SYNTHETIC	PCR	single	ILLUMINA	NextSeq 2000	Illumina barcode sequencing for LASV GPC Josiah	fastq	LibA_LibA-220907-372D-11-1_LibA_20220907.fastq.gz
SAMN39709215	LibA_LibA-220907-372D-44-1_LibA_20220907	LASV GPC Josiah Illumina barcode sequencing for sample LibA-220907-372D-44-1_LibA_20220907	AMPLICON	SYNTHETIC	PCR	single	ILLUMINA	NextSeq 2000	Illumina barcode sequencing for LASV GPC Josiah	fastq	LibA_LibA-220907-372D-44-1_LibA_20220907.fastq.gz
SAMN39709215	LibA_LibA-220907-372D-176-1_LibA_20220907	LASV GPC Josiah Illumina barcode sequencing for sample LibA-220907-372D-176-1_LibA_20220907	AMPLICON	SYNTHETIC	PCR	single	ILLUMINA	NextSeq 2000	Illumina barcode sequencing for LASV GPC Josiah	fastq	LibA_LibA-220907-372D-176-1_LibA_20220907.fastq.gz
SAMN39709215	LibA_LibA-220907-no-antibody-1_LibA_20220907	LASV GPC Josiah Illumina barcode sequencing for sample LibA-220907-no-antibody-1_LibA_20220907	AMPLICON	SYNTHETIC	PCR	single	ILLUMINA	NextSeq 2000	Illumina barcode sequencing for LASV GPC Josiah	fastq	LibA_LibA-220907-no-antibody-1_LibA_20220907.fastq.gz
SAMN39709215	LibA_LibA-220907-no-antibody-2_LibA_20220907	LASV GPC Josiah Illumina barcode sequencing for sample LibA-220907-no-antibody-2_LibA_20220907	AMPLICON	SYNTHETIC	PCR	single	ILLUMINA	NextSeq 2000	Illumina barcode sequencing for LASV GPC Josiah	fastq	LibA_LibA-220907-no-antibody-2_LibA_20220907.fastq.gz
SAMN39709215	LibA_LibA-220907-VSVG-1_LibA_20220907	LASV GPC Josiah Illumina barcode sequencing for sample LibA-220907-VSVG-1_LibA_20220907	AMPLICON	SYNTHETIC	PCR	single	ILLUMINA	NextSeq 2000	Illumina barcode sequencing for LASV GPC Josiah	fastq	LibA_LibA-220907-VSVG-1_LibA_20220907.fastq.gz
SAMN39709215	LibA_LibA-220907-VSVG-2_LibA_20220907	LASV GPC Josiah Illumina barcode sequencing for sample LibA-220907-VSVG-2_LibA_20220907	AMPLICON	SYNTHETIC	PCR	single	ILLUMINA	NextSeq 2000	Illumina barcode sequencing for LASV GPC Josiah	fastq	LibA_LibA-220907-VSVG-2_LibA_20220907.fastq.gz
SAMN39709215	LibB_LibB-220907-372D-11-1_LibB_20220907	LASV GPC Josiah Illumina barcode sequencing for sample LibB-220907-372D-11-1_LibB_20220907	AMPLICON	SYNTHETIC	PCR	single	ILLUMINA	NextSeq 2000	Illumina barcode sequencing for LASV GPC Josiah	fastq	LibB_LibB-220907-372D-11-1_LibB_20220907.fastq.gz
SAMN39709215	LibB_LibB-220907-372D-44-1_LibB_20220907	LASV GPC Josiah Illumina barcode sequencing for sample LibB-220907-372D-44-1_LibB_20220907	AMPLICON	SYNTHETIC	PCR	single	ILLUMINA	NextSeq 2000	Illumina barcode sequencing for LASV GPC Josiah	fastq	LibB_LibB-220907-372D-44-1_LibB_20220907.fastq.gz
SAMN39709215	LibB_LibB-220907-372D-176-1_LibB_20220907	LASV GPC Josiah Illumina barcode sequencing for sample LibB-220907-372D-176-1_LibB_20220907	AMPLICON	SYNTHETIC	PCR	single	ILLUMINA	NextSeq 2000	Illumina barcode sequencing for LASV GPC Josiah	fastq	LibB_LibB-220907-372D-176-1_LibB_20220907.fastq.gz
SAMN39709215	LibB_LibB-220907-no-antibody-1_LibB_20220907	LASV GPC Josiah Illumina barcode sequencing for sample LibB-220907-no-antibody-1_LibB_20220907	AMPLICON	SYNTHETIC	PCR	single	ILLUMINA	NextSeq 2000	Illumina barcode sequencing for LASV GPC Josiah	fastq	LibB_LibB-220907-no-antibody-1_LibB_20220907.fastq.gz
SAMN39709215	LibB_LibB-220907-no-antibody-2_LibB_20220907	LASV GPC Josiah Illumina barcode sequencing for sample LibB-220907-no-antibody-2_LibB_20220907	AMPLICON	SYNTHETIC	PCR	single	ILLUMINA	NextSeq 2000	Illumina barcode sequencing for LASV GPC Josiah	fastq	LibB_LibB-220907-no-antibody-2_LibB_20220907.fastq.gz
SAMN39709215	LibB_LibB-220907-VSVG-1_LibB_20220907	LASV GPC Josiah Illumina barcode sequencing for sample LibB-220907-VSVG-1_LibB_20220907	AMPLICON	SYNTHETIC	PCR	single	ILLUMINA	NextSeq 2000	Illumina barcode sequencing for LASV GPC Josiah	fastq	LibB_LibB-220907-VSVG-1_LibB_20220907.fastq.gz
SAMN39709215	LibB_LibB-220907-VSVG-2_LibB_20220907	LASV GPC Josiah Illumina barcode sequencing for sample LibB-220907-VSVG-2_LibB_20220907	AMPLICON	SYNTHETIC	PCR	single	ILLUMINA	NextSeq 2000	Illumina barcode sequencing for LASV GPC Josiah	fastq	LibB_LibB-220907-VSVG-2_LibB_20220907.fastq.gz
SAMN39709215	LibA_LibA-230502-no-antibody-human-1_LibA_20230502	LASV GPC Josiah Illumina barcode sequencing for sample LibA-230502-no-antibody-human-1_LibA_20230502	AMPLICON	SYNTHETIC	PCR	single	ILLUMINA	NextSeq 2000	Illumina barcode sequencing for LASV GPC Josiah	fastq	LibA_LibA-230502-no-antibody-human-1_LibA_20230502.fastq.gz
SAMN39709215	LibA_LibA-230502-no-antibody-mastomys-1_LibA_20230502	LASV GPC Josiah Illumina barcode sequencing for sample LibA-230502-no-antibody-mastomys-1_LibA_20230502	AMPLICON	SYNTHETIC	PCR	single	ILLUMINA	NextSeq 2000	Illumina barcode sequencing for LASV GPC Josiah	fastq	LibA_LibA-230502-no-antibody-mastomys-1_LibA_20230502.fastq.gz
SAMN39709215	LibA_LibA-230502-VSVG-human-1_LibA_20230502	LASV GPC Josiah Illumina barcode sequencing for sample LibA-230502-VSVG-human-1_LibA_20230502	AMPLICON	SYNTHETIC	PCR	single	ILLUMINA	NextSeq 2000	Illumina barcode sequencing for LASV GPC Josiah	fastq	LibA_LibA-230502-VSVG-human-1_LibA_20230502.fastq.gz
SAMN39709215	LibA_LibA-230502-VSVG-mastomys-1_LibA_20230502	LASV GPC Josiah Illumina barcode sequencing for sample LibA-230502-VSVG-mastomys-1_LibA_20230502	AMPLICON	SYNTHETIC	PCR	single	ILLUMINA	NextSeq 2000	Illumina barcode sequencing for LASV GPC Josiah	fastq	LibA_LibA-230502-VSVG-mastomys-1_LibA_20230502.fastq.gz
SAMN39709215	LibB_LibB-230502-no-antibody-human-1_LibB_20230502	LASV GPC Josiah Illumina barcode sequencing for sample LibB-230502-no-antibody-human-1_LibB_20230502	AMPLICON	SYNTHETIC	PCR	single	ILLUMINA	NextSeq 2000	Illumina barcode sequencing for LASV GPC Josiah	fastq	LibB_LibB-230502-no-antibody-human-1_LibB_20230502.fastq.gz
SAMN39709215	LibB_LibB-230502-no-antibody-mastomys-1_LibB_20230502	LASV GPC Josiah Illumina barcode sequencing for sample LibB-230502-no-antibody-mastomys-1_LibB_20230502	AMPLICON	SYNTHETIC	PCR	single	ILLUMINA	NextSeq 2000	Illumina barcode sequencing for LASV GPC Josiah	fastq	LibB_LibB-230502-no-antibody-mastomys-1_LibB_20230502.fastq.gz
SAMN39709215	LibB_LibB-230502-VSVG-human-1_LibB_20230502	LASV GPC Josiah Illumina barcode sequencing for sample LibB-230502-VSVG-human-1_LibB_20230502	AMPLICON	SYNTHETIC	PCR	single	ILLUMINA	NextSeq 2000	Illumina barcode sequencing for LASV GPC Josiah	fastq	LibB_LibB-230502-VSVG-human-1_LibB_20230502.fastq.gz
SAMN39709215	LibB_LibB-230502-VSVG-mastomys-1_LibB_20230502	LASV GPC Josiah Illumina barcode sequencing for sample LibB-230502-VSVG-mastomys-1_LibB_20230502	AMPLICON	SYNTHETIC	PCR	single	ILLUMINA	NextSeq 2000	Illumina barcode sequencing for LASV GPC Josiah	fastq	LibB_LibB-230502-VSVG-mastomys-1_LibB_20230502.fastq.gz
SAMN39709215	LibB_LibB-230513-no-antibody-human-1_LibB_20230513	LASV GPC Josiah Illumina barcode sequencing for sample LibB-230513-no-antibody-human-1_LibB_20230513	AMPLICON	SYNTHETIC	PCR	single	ILLUMINA	NextSeq 2000	Illumina barcode sequencing for LASV GPC Josiah	fastq	LibB_LibB-230513-no-antibody-human-1_LibB_20230513.fastq.gz
SAMN39709215	LibB_LibB-230513-no-antibody-human-2_LibB_20230513	LASV GPC Josiah Illumina barcode sequencing for sample LibB-230513-no-antibody-human-2_LibB_20230513	AMPLICON	SYNTHETIC	PCR	single	ILLUMINA	NextSeq 2000	Illumina barcode sequencing for LASV GPC Josiah	fastq	LibB_LibB-230513-no-antibody-human-2_LibB_20230513.fastq.gz
SAMN39709215	LibB_LibB-230513-no-antibody-mastomys-1_LibB_20230513	LASV GPC Josiah Illumina barcode sequencing for sample LibB-230513-no-antibody-mastomys-1_LibB_20230513	AMPLICON	SYNTHETIC	PCR	single	ILLUMINA	NextSeq 2000	Illumina barcode sequencing for LASV GPC Josiah	fastq	LibB_LibB-230513-no-antibody-mastomys-1_LibB_20230513.fastq.gz
SAMN39709215	LibB_LibB-230513-no-antibody-mastomys-2_LibB_20230513	LASV GPC Josiah Illumina barcode sequencing for sample LibB-230513-no-antibody-mastomys-2_LibB_20230513	AMPLICON	SYNTHETIC	PCR	single	ILLUMINA	NextSeq 2000	Illumina barcode sequencing for LASV GPC Josiah	fastq	LibB_LibB-230513-no-antibody-mastomys-2_LibB_20230513.fastq.gz
SAMN39709215	LibB_LibB-230513-VSVG-human-1_LibB_20230513	LASV GPC Josiah Illumina barcode sequencing for sample LibB-230513-VSVG-human-1_LibB_20230513	AMPLICON	SYNTHETIC	PCR	single	ILLUMINA	NextSeq 2000	Illumina barcode sequencing for LASV GPC Josiah	fastq	LibB_LibB-230513-VSVG-human-1_LibB_20230513.fastq.gz
SAMN39709215	LibB_LibB-230513-VSVG-human-2_LibB_20230513	LASV GPC Josiah Illumina barcode sequencing for sample LibB-230513-VSVG-human-2_LibB_20230513	AMPLICON	SYNTHETIC	PCR	single	ILLUMINA	NextSeq 2000	Illumina barcode sequencing for LASV GPC Josiah	fastq	LibB_LibB-230513-VSVG-human-2_LibB_20230513.fastq.gz
SAMN39709215	LibB_LibB-230513-VSVG-mastomys-1_LibB_20230513	LASV GPC Josiah Illumina barcode sequencing for sample LibB-230513-VSVG-mastomys-1_LibB_20230513	AMPLICON	SYNTHETIC	PCR	single	ILLUMINA	NextSeq 2000	Illumina barcode sequencing for LASV GPC Josiah	fastq	LibB_LibB-230513-VSVG-mastomys-1_LibB_20230513.fastq.gz
SAMN39709215	LibB_LibB-230513-VSVG-mastomys-2_LibB_20230513	LASV GPC Josiah Illumina barcode sequencing for sample LibB-230513-VSVG-mastomys-2_LibB_20230513	AMPLICON	SYNTHETIC	PCR	single	ILLUMINA	NextSeq 2000	Illumina barcode sequencing for LASV GPC Josiah	fastq	LibB_LibB-230513-VSVG-mastomys-2_LibB_20230513.fastq.gz
SAMN39709215	LibA_LibA-230601-no-antibody-human-1_LibA_20230601	LASV GPC Josiah Illumina barcode sequencing for sample LibA-230601-no-antibody-human-1_LibA_20230601	AMPLICON	SYNTHETIC	PCR	single	ILLUMINA	NextSeq 2000	Illumina barcode sequencing for LASV GPC Josiah	fastq	LibA_LibA-230601-no-antibody-human-1_LibA_20230601.fastq.gz
SAMN39709215	LibA_LibA-230601-no-antibody-human-2_LibA_20230601	LASV GPC Josiah Illumina barcode sequencing for sample LibA-230601-no-antibody-human-2_LibA_20230601	AMPLICON	SYNTHETIC	PCR	single	ILLUMINA	NextSeq 2000	Illumina barcode sequencing for LASV GPC Josiah	fastq	LibA_LibA-230601-no-antibody-human-2_LibA_20230601.fastq.gz
SAMN39709215	LibA_LibA-230601-VSVG-human-1_LibA_20230601	LASV GPC Josiah Illumina barcode sequencing for sample LibA-230601-VSVG-human-1_LibA_20230601	AMPLICON	SYNTHETIC	PCR	single	ILLUMINA	NextSeq 2000	Illumina barcode sequencing for LASV GPC Josiah	fastq	LibA_LibA-230601-VSVG-human-1_LibA_20230601.fastq.gz
SAMN39709215	LibA_LibA-230601-no-antibody-mastomys-1_LibA_20230601	LASV GPC Josiah Illumina barcode sequencing for sample LibA-230601-no-antibody-mastomys-1_LibA_20230601	AMPLICON	SYNTHETIC	PCR	single	ILLUMINA	NextSeq 2000	Illumina barcode sequencing for LASV GPC Josiah	fastq	LibA_LibA-230601-no-antibody-mastomys-1_LibA_20230601.fastq.gz
SAMN39709215	LibA_LibA-230601-no-antibody-mastomys-2_LibA_20230601	LASV GPC Josiah Illumina barcode sequencing for sample LibA-230601-no-antibody-mastomys-2_LibA_20230601	AMPLICON	SYNTHETIC	PCR	single	ILLUMINA	NextSeq 2000	Illumina barcode sequencing for LASV GPC Josiah	fastq	LibA_LibA-230601-no-antibody-mastomys-2_LibA_20230601.fastq.gz
SAMN39709215	LibA_LibA-230601-VSVG-mastomys-1_LibA_20230601	LASV GPC Josiah Illumina barcode sequencing for sample LibA-230601-VSVG-mastomys-1_LibA_20230601	AMPLICON	SYNTHETIC	PCR	single	ILLUMINA	NextSeq 2000	Illumina barcode sequencing for LASV GPC Josiah	fastq	LibA_LibA-230601-VSVG-mastomys-1_LibA_20230601.fastq.gz
SAMN39709215	LibB_LibB-230601-no-antibody-human-1_LibB_20230601	LASV GPC Josiah Illumina barcode sequencing for sample LibB-230601-no-antibody-human-1_LibB_20230601	AMPLICON	SYNTHETIC	PCR	single	ILLUMINA	NextSeq 2000	Illumina barcode sequencing for LASV GPC Josiah	fastq	LibB_LibB-230601-no-antibody-human-1_LibB_20230601.fastq.gz
SAMN39709215	LibB_LibB-230601-no-antibody-human-2_LibB_20230601	LASV GPC Josiah Illumina barcode sequencing for sample LibB-230601-no-antibody-human-2_LibB_20230601	AMPLICON	SYNTHETIC	PCR	single	ILLUMINA	NextSeq 2000	Illumina barcode sequencing for LASV GPC Josiah	fastq	LibB_LibB-230601-no-antibody-human-2_LibB_20230601.fastq.gz
SAMN39709215	LibB_LibB-230601-VSVG-human-1_LibB_20230601	LASV GPC Josiah Illumina barcode sequencing for sample LibB-230601-VSVG-human-1_LibB_20230601	AMPLICON	SYNTHETIC	PCR	single	ILLUMINA	NextSeq 2000	Illumina barcode sequencing for LASV GPC Josiah	fastq	LibB_LibB-230601-VSVG-human-1_LibB_20230601.fastq.gz
SAMN39709215	LibB_LibB-230601-no-antibody-mastomys-1_LibB_20230601	LASV GPC Josiah Illumina barcode sequencing for sample LibB-230601-no-antibody-mastomys-1_LibB_20230601	AMPLICON	SYNTHETIC	PCR	single	ILLUMINA	NextSeq 2000	Illumina barcode sequencing for LASV GPC Josiah	fastq	LibB_LibB-230601-no-antibody-mastomys-1_LibB_20230601.fastq.gz
SAMN39709215	LibB_LibB-230601-no-antibody-mastomys-2_LibB_20230601	LASV GPC Josiah Illumina barcode sequencing for sample LibB-230601-no-antibody-mastomys-2_LibB_20230601	AMPLICON	SYNTHETIC	PCR	single	ILLUMINA	NextSeq 2000	Illumina barcode sequencing for LASV GPC Josiah	fastq	LibB_LibB-230601-no-antibody-mastomys-2_LibB_20230601.fastq.gz
SAMN39709215	LibB_LibB-230601-VSVG-mastomys-1_LibB_20230601	LASV GPC Josiah Illumina barcode sequencing for sample LibB-230601-VSVG-mastomys-1_LibB_20230601	AMPLICON	SYNTHETIC	PCR	single	ILLUMINA	NextSeq 2000	Illumina barcode sequencing for LASV GPC Josiah	fastq	LibB_LibB-230601-VSVG-mastomys-1_LibB_20230601.fastq.gz
SAMN39709215	LibA_LibA-230629-no-antibody-human-1_LibA_20230629	LASV GPC Josiah Illumina barcode sequencing for sample LibA-230629-no-antibody-human-1_LibA_20230629	AMPLICON	SYNTHETIC	PCR	single	ILLUMINA	NextSeq 2000	Illumina barcode sequencing for LASV GPC Josiah	fastq	LibA_LibA-230629-no-antibody-human-1_LibA_20230629.fastq.gz
SAMN39709215	LibA_LibA-230629-no-antibody-human-2_LibA_20230629	LASV GPC Josiah Illumina barcode sequencing for sample LibA-230629-no-antibody-human-2_LibA_20230629	AMPLICON	SYNTHETIC	PCR	single	ILLUMINA	NextSeq 2000	Illumina barcode sequencing for LASV GPC Josiah	fastq	LibA_LibA-230629-no-antibody-human-2_LibA_20230629.fastq.gz
SAMN39709215	LibA_LibA-230629-VSVG-human-1_LibA_20230629	LASV GPC Josiah Illumina barcode sequencing for sample LibA-230629-VSVG-human-1_LibA_20230629	AMPLICON	SYNTHETIC	PCR	single	ILLUMINA	NextSeq 2000	Illumina barcode sequencing for LASV GPC Josiah	fastq	LibA_LibA-230629-VSVG-human-1_LibA_20230629.fastq.gz
SAMN39709215	LibA_LibA-230629-VSVG-human-2_LibA_20230629	LASV GPC Josiah Illumina barcode sequencing for sample LibA-230629-VSVG-human-2_LibA_20230629	AMPLICON	SYNTHETIC	PCR	single	ILLUMINA	NextSeq 2000	Illumina barcode sequencing for LASV GPC Josiah	fastq	LibA_LibA-230629-VSVG-human-2_LibA_20230629.fastq.gz
SAMN39709215	LibA_LibA-230629-no-antibody-mastomys-1_LibA_20230629	LASV GPC Josiah Illumina barcode sequencing for sample LibA-230629-no-antibody-mastomys-1_LibA_20230629	AMPLICON	SYNTHETIC	PCR	single	ILLUMINA	NextSeq 2000	Illumina barcode sequencing for LASV GPC Josiah	fastq	LibA_LibA-230629-no-antibody-mastomys-1_LibA_20230629.fastq.gz
SAMN39709215	LibA_LibA-230629-no-antibody-mastomys-2_LibA_20230629	LASV GPC Josiah Illumina barcode sequencing for sample LibA-230629-no-antibody-mastomys-2_LibA_20230629	AMPLICON	SYNTHETIC	PCR	single	ILLUMINA	NextSeq 2000	Illumina barcode sequencing for LASV GPC Josiah	fastq	LibA_LibA-230629-no-antibody-mastomys-2_LibA_20230629.fastq.gz
SAMN39709215	LibA_LibA-230629-VSVG-mastomys-1_LibA_20230629	LASV GPC Josiah Illumina barcode sequencing for sample LibA-230629-VSVG-mastomys-1_LibA_20230629	AMPLICON	SYNTHETIC	PCR	single	ILLUMINA	NextSeq 2000	Illumina barcode sequencing for LASV GPC Josiah	fastq	LibA_LibA-230629-VSVG-mastomys-1_LibA_20230629.fastq.gz
SAMN39709215	LibA_LibA-230629-VSVG-mastomys-2_LibA_20230629	LASV GPC Josiah Illumina barcode sequencing for sample LibA-230629-VSVG-mastomys-2_LibA_20230629	AMPLICON	SYNTHETIC	PCR	single	ILLUMINA	NextSeq 2000	Illumina barcode sequencing for LASV GPC Josiah	fastq	LibA_LibA-230629-VSVG-mastomys-2_LibA_20230629.fastq.gz
SAMN39709215	LibA_LibA-230722-no-antibody-human-1_LibA_20230722	LASV GPC Josiah Illumina barcode sequencing for sample LibA-230722-no-antibody-human-1_LibA_20230722	AMPLICON	SYNTHETIC	PCR	single	ILLUMINA	NextSeq 2000	Illumina barcode sequencing for LASV GPC Josiah	fastq	LibA_LibA-230722-no-antibody-human-1_LibA_20230722.fastq.gz
SAMN39709215	LibA_LibA-230722-no-antibody-human-2_LibA_20230722	LASV GPC Josiah Illumina barcode sequencing for sample LibA-230722-no-antibody-human-2_LibA_20230722	AMPLICON	SYNTHETIC	PCR	single	ILLUMINA	NextSeq 2000	Illumina barcode sequencing for LASV GPC Josiah	fastq	LibA_LibA-230722-no-antibody-human-2_LibA_20230722.fastq.gz
SAMN39709215	LibA_LibA-230722-no-antibody-human-3_LibA_20230722	LASV GPC Josiah Illumina barcode sequencing for sample LibA-230722-no-antibody-human-3_LibA_20230722	AMPLICON	SYNTHETIC	PCR	single	ILLUMINA	NextSeq 2000	Illumina barcode sequencing for LASV GPC Josiah	fastq	LibA_LibA-230722-no-antibody-human-3_LibA_20230722.fastq.gz
SAMN39709215	LibA_LibA-230722-no-antibody-human-4_LibA_20230722	LASV GPC Josiah Illumina barcode sequencing for sample LibA-230722-no-antibody-human-4_LibA_20230722	AMPLICON	SYNTHETIC	PCR	single	ILLUMINA	NextSeq 2000	Illumina barcode sequencing for LASV GPC Josiah	fastq	LibA_LibA-230722-no-antibody-human-4_LibA_20230722.fastq.gz
SAMN39709215	LibA_LibA-230722-VSVG-human-1_LibA_20230722	LASV GPC Josiah Illumina barcode sequencing for sample LibA-230722-VSVG-human-1_LibA_20230722	AMPLICON	SYNTHETIC	PCR	single	ILLUMINA	NextSeq 2000	Illumina barcode sequencing for LASV GPC Josiah	fastq	LibA_LibA-230722-VSVG-human-1_LibA_20230722.fastq.gz
SAMN39709215	LibA_LibA-230722-VSVG-human-2_LibA_20230722	LASV GPC Josiah Illumina barcode sequencing for sample LibA-230722-VSVG-human-2_LibA_20230722	AMPLICON	SYNTHETIC	PCR	single	ILLUMINA	NextSeq 2000	Illumina barcode sequencing for LASV GPC Josiah	fastq	LibA_LibA-230722-VSVG-human-2_LibA_20230722.fastq.gz
SAMN39709215	LibA_LibA-230722-VSVG-human-3_LibA_20230722	LASV GPC Josiah Illumina barcode sequencing for sample LibA-230722-VSVG-human-3_LibA_20230722	AMPLICON	SYNTHETIC	PCR	single	ILLUMINA	NextSeq 2000	Illumina barcode sequencing for LASV GPC Josiah	fastq	LibA_LibA-230722-VSVG-human-3_LibA_20230722.fastq.gz
SAMN39709215	LibA_LibA-230722-VSVG-human-4_LibA_20230722	LASV GPC Josiah Illumina barcode sequencing for sample LibA-230722-VSVG-human-4_LibA_20230722	AMPLICON	SYNTHETIC	PCR	single	ILLUMINA	NextSeq 2000	Illumina barcode sequencing for LASV GPC Josiah	fastq	LibA_LibA-230722-VSVG-human-4_LibA_20230722.fastq.gz
SAMN39709215	LibA_LibA-230722-no-antibody-mastomys-1_LibA_20230722	LASV GPC Josiah Illumina barcode sequencing for sample LibA-230722-no-antibody-mastomys-1_LibA_20230722	AMPLICON	SYNTHETIC	PCR	single	ILLUMINA	NextSeq 2000	Illumina barcode sequencing for LASV GPC Josiah	fastq	LibA_LibA-230722-no-antibody-mastomys-1_LibA_20230722.fastq.gz
SAMN39709215	LibA_LibA-230722-no-antibody-mastomys-2_LibA_20230722	LASV GPC Josiah Illumina barcode sequencing for sample LibA-230722-no-antibody-mastomys-2_LibA_20230722	AMPLICON	SYNTHETIC	PCR	single	ILLUMINA	NextSeq 2000	Illumina barcode sequencing for LASV GPC Josiah	fastq	LibA_LibA-230722-no-antibody-mastomys-2_LibA_20230722.fastq.gz
SAMN39709215	LibA_LibA-230722-no-antibody-mastomys-3_LibA_20230722	LASV GPC Josiah Illumina barcode sequencing for sample LibA-230722-no-antibody-mastomys-3_LibA_20230722	AMPLICON	SYNTHETIC	PCR	single	ILLUMINA	NextSeq 2000	Illumina barcode sequencing for LASV GPC Josiah	fastq	LibA_LibA-230722-no-antibody-mastomys-3_LibA_20230722.fastq.gz
SAMN39709215	LibA_LibA-230722-no-antibody-mastomys-4_LibA_20230722	LASV GPC Josiah Illumina barcode sequencing for sample LibA-230722-no-antibody-mastomys-4_LibA_20230722	AMPLICON	SYNTHETIC	PCR	single	ILLUMINA	NextSeq 2000	Illumina barcode sequencing for LASV GPC Josiah	fastq	LibA_LibA-230722-no-antibody-mastomys-4_LibA_20230722.fastq.gz
SAMN39709215	LibA_LibA-230722-VSVG-mastomys-1_LibA_20230722	LASV GPC Josiah Illumina barcode sequencing for sample LibA-230722-VSVG-mastomys-1_LibA_20230722	AMPLICON	SYNTHETIC	PCR	single	ILLUMINA	NextSeq 2000	Illumina barcode sequencing for LASV GPC Josiah	fastq	LibA_LibA-230722-VSVG-mastomys-1_LibA_20230722.fastq.gz
SAMN39709215	LibA_LibA-230722-VSVG-mastomys-2_LibA_20230722	LASV GPC Josiah Illumina barcode sequencing for sample LibA-230722-VSVG-mastomys-2_LibA_20230722	AMPLICON	SYNTHETIC	PCR	single	ILLUMINA	NextSeq 2000	Illumina barcode sequencing for LASV GPC Josiah	fastq	LibA_LibA-230722-VSVG-mastomys-2_LibA_20230722.fastq.gz
SAMN39709215	LibA_LibA-230722-VSVG-mastomys-3_LibA_20230722	LASV GPC Josiah Illumina barcode sequencing for sample LibA-230722-VSVG-mastomys-3_LibA_20230722	AMPLICON	SYNTHETIC	PCR	single	ILLUMINA	NextSeq 2000	Illumina barcode sequencing for LASV GPC Josiah	fastq	LibA_LibA-230722-VSVG-mastomys-3_LibA_20230722.fastq.gz
SAMN39709215	LibA_LibA-230722-VSVG-mastomys-4_LibA_20230722	LASV GPC Josiah Illumina barcode sequencing for sample LibA-230722-VSVG-mastomys-4_LibA_20230722	AMPLICON	SYNTHETIC	PCR	single	ILLUMINA	NextSeq 2000	Illumina barcode sequencing for LASV GPC Josiah	fastq	LibA_LibA-230722-VSVG-mastomys-4_LibA_20230722.fastq.gz
SAMN39709215	LibA_LibA-230819-121F-0.156-1_LibA_20230819	LASV GPC Josiah Illumina barcode sequencing for sample LibA-230819-121F-0.156-1_LibA_20230819	AMPLICON	SYNTHETIC	PCR	single	ILLUMINA	NextSeq 2000	Illumina barcode sequencing for LASV GPC Josiah	fastq	LibA_LibA-230819-121F-0.156-1_LibA_20230819.fastq.gz
SAMN39709215	LibA_LibA-230819-121F-0.625-1_LibA_20230819	LASV GPC Josiah Illumina barcode sequencing for sample LibA-230819-121F-0.625-1_LibA_20230819	AMPLICON	SYNTHETIC	PCR	single	ILLUMINA	NextSeq 2000	Illumina barcode sequencing for LASV GPC Josiah	fastq	LibA_LibA-230819-121F-0.625-1_LibA_20230819.fastq.gz
SAMN39709215	LibA_LibA-230819-121F-2.5-1_LibA_20230819	LASV GPC Josiah Illumina barcode sequencing for sample LibA-230819-121F-2.5-1_LibA_20230819	AMPLICON	SYNTHETIC	PCR	single	ILLUMINA	NextSeq 2000	Illumina barcode sequencing for LASV GPC Josiah	fastq	LibA_LibA-230819-121F-2.5-1_LibA_20230819.fastq.gz
SAMN39709215	LibA_LibA-230819-372D-0.1719-1_LibA_20230819	LASV GPC Josiah Illumina barcode sequencing for sample LibA-230819-372D-0.1719-1_LibA_20230819	AMPLICON	SYNTHETIC	PCR	single	ILLUMINA	NextSeq 2000	Illumina barcode sequencing for LASV GPC Josiah	fastq	LibA_LibA-230819-372D-0.1719-1_LibA_20230819.fastq.gz
SAMN39709215	LibA_LibA-230819-372D-0.6875-1_LibA_20230819	LASV GPC Josiah Illumina barcode sequencing for sample LibA-230819-372D-0.6875-1_LibA_20230819	AMPLICON	SYNTHETIC	PCR	single	ILLUMINA	NextSeq 2000	Illumina barcode sequencing for LASV GPC Josiah	fastq	LibA_LibA-230819-372D-0.6875-1_LibA_20230819.fastq.gz
SAMN39709215	LibA_LibA-230819-372D-2.75-1_LibA_20230819	LASV GPC Josiah Illumina barcode sequencing for sample LibA-230819-372D-2.75-1_LibA_20230819	AMPLICON	SYNTHETIC	PCR	single	ILLUMINA	NextSeq 2000	Illumina barcode sequencing for LASV GPC Josiah	fastq	LibA_LibA-230819-372D-2.75-1_LibA_20230819.fastq.gz
SAMN39709215	LibA_LibA-230819-no-antibody-1_LibA_20230819	LASV GPC Josiah Illumina barcode sequencing for sample LibA-230819-no-antibody-1_LibA_20230819	AMPLICON	SYNTHETIC	PCR	single	ILLUMINA	NextSeq 2000	Illumina barcode sequencing for LASV GPC Josiah	fastq	LibA_LibA-230819-no-antibody-1_LibA_20230819.fastq.gz
SAMN39709215	LibA_LibA-230819-VSVG-1_LibA_20230819	LASV GPC Josiah Illumina barcode sequencing for sample LibA-230819-VSVG-1_LibA_20230819	AMPLICON	SYNTHETIC	PCR	single	ILLUMINA	NextSeq 2000	Illumina barcode sequencing for LASV GPC Josiah	fastq	LibA_LibA-230819-VSVG-1_LibA_20230819.fastq.gz
SAMN39709215	LibB_LibB-230819-121F-0.156-1_LibB_20230819	LASV GPC Josiah Illumina barcode sequencing for sample LibB-230819-121F-0.156-1_LibB_20230819	AMPLICON	SYNTHETIC	PCR	single	ILLUMINA	NextSeq 2000	Illumina barcode sequencing for LASV GPC Josiah	fastq	LibB_LibB-230819-121F-0.156-1_LibB_20230819.fastq.gz
SAMN39709215	LibB_LibB-230819-121F-0.625-1_LibB_20230819	LASV GPC Josiah Illumina barcode sequencing for sample LibB-230819-121F-0.625-1_LibB_20230819	AMPLICON	SYNTHETIC	PCR	single	ILLUMINA	NextSeq 2000	Illumina barcode sequencing for LASV GPC Josiah	fastq	LibB_LibB-230819-121F-0.625-1_LibB_20230819.fastq.gz
SAMN39709215	LibB_LibB-230819-121F-2.5-1_LibB_20230819	LASV GPC Josiah Illumina barcode sequencing for sample LibB-230819-121F-2.5-1_LibB_20230819	AMPLICON	SYNTHETIC	PCR	single	ILLUMINA	NextSeq 2000	Illumina barcode sequencing for LASV GPC Josiah	fastq	LibB_LibB-230819-121F-2.5-1_LibB_20230819.fastq.gz
SAMN39709215	LibB_LibB-230819-372D-0.1719-1_LibB_20230819	LASV GPC Josiah Illumina barcode sequencing for sample LibB-230819-372D-0.1719-1_LibB_20230819	AMPLICON	SYNTHETIC	PCR	single	ILLUMINA	NextSeq 2000	Illumina barcode sequencing for LASV GPC Josiah	fastq	LibB_LibB-230819-372D-0.1719-1_LibB_20230819.fastq.gz
SAMN39709215	LibB_LibB-230819-372D-0.6875-1_LibB_20230819	LASV GPC Josiah Illumina barcode sequencing for sample LibB-230819-372D-0.6875-1_LibB_20230819	AMPLICON	SYNTHETIC	PCR	single	ILLUMINA	NextSeq 2000	Illumina barcode sequencing for LASV GPC Josiah	fastq	LibB_LibB-230819-372D-0.6875-1_LibB_20230819.fastq.gz
SAMN39709215	LibB_LibB-230819-372D-2.75-1_LibB_20230819	LASV GPC Josiah Illumina barcode sequencing for sample LibB-230819-372D-2.75-1_LibB_20230819	AMPLICON	SYNTHETIC	PCR	single	ILLUMINA	NextSeq 2000	Illumina barcode sequencing for LASV GPC Josiah	fastq	LibB_LibB-230819-372D-2.75-1_LibB_20230819.fastq.gz
SAMN39709215	LibB_LibB-230819-no-antibody-1_LibB_20230819	LASV GPC Josiah Illumina barcode sequencing for sample LibB-230819-no-antibody-1_LibB_20230819	AMPLICON	SYNTHETIC	PCR	single	ILLUMINA	NextSeq 2000	Illumina barcode sequencing for LASV GPC Josiah	fastq	LibB_LibB-230819-no-antibody-1_LibB_20230819.fastq.gz
SAMN39709215	LibB_LibB-230819-VSVG-1_LibB_20230819	LASV GPC Josiah Illumina barcode sequencing for sample LibB-230819-VSVG-1_LibB_20230819	AMPLICON	SYNTHETIC	PCR	single	ILLUMINA	NextSeq 2000	Illumina barcode sequencing for LASV GPC Josiah	fastq	LibB_LibB-230819-VSVG-1_LibB_20230819.fastq.gz
